AmountOfPlay,AuthorID,Collection,Comment,CreationDate,Forwarding,Labels,NumberOfSongs,SongListName,SongsListID,Url
16286,445189786,78,1,2024-05-07,1,欧美 R&B/Soul 90后 ,36,欧美R&B入坑曲：封神旋律 是谁的一代青春,10009377589,https://music.163.com/playlist?id=10009377589
122084,389336627,1026,10,2024-02-27,10,欧美 另类/独立 兴奋 ,78,荒诞美学｜神秘诡谲°优雅与疯狂,9355373057,https://music.163.com/playlist?id=9355373057
284242,342371680,1124,5,2024-03-05,10,华语 流行 R&B/Soul ,130,华语R&B：百听不厌的华语节奏布鲁斯,9381079097,https://music.163.com/playlist?id=9381079097
113145992,7017009,2636419,6883,2014-08-30,37693,轻音乐 学习 治愈 ,44,那些你熟悉却又不知道名字的轻音乐,26467411,https://music.163.com/playlist?id=26467411
185147,1661470704,800,6,2024-03-06,26,欧美 流行 英伦 ,30,第44届全英音乐奖‖SZA拿下年度国际艺术家,9388585797,https://music.163.com/playlist?id=9388585797
3131,346769611,23,评论,2024-05-11,0,电子 流行 游戏 ,48,『游戏高燃BGM｜全程高能一燃到底』,10040225713,https://music.163.com/playlist?id=10040225713
195265,290894929,708,3,2024-02-26,7,流行 舞曲 韩语 ,88,『韩语歌』那些让人一秒沦陷的神仙前奏,9351138519,https://music.163.com/playlist?id=9351138519
34039,115793593,155,3,2024-03-21,1,欧美 电子 驾车 ,116,运动【硬曲】【战歌起】自律时代,9501641586,https://music.163.com/playlist?id=9501641586
15803,342371680,105,评论,2024-04-10,0,欧美 R&B/Soul 浪漫 ,39,无前奏R&B | 开口脆 强吻般浪漫布鲁斯,9744022802,https://music.163.com/playlist?id=9744022802
5185,1475052225,42,1,2024-03-30,1,欧美 电子 驾车 ,106,车载必备｜高速必备DJ舞曲,9590480987,https://music.163.com/playlist?id=9590480987
473712,107742044,3222,5,2024-04-06,31,华语 流行 综艺 ,114,最强音综：神级现场，惊艳全场,9690444186,https://music.163.com/playlist?id=9690444186
97350,2071162991,202,1,2024-03-18,8,华语 流行 夜晚 ,85,亲爱的你是唯一让我如此难以入眠,9474470606,https://music.163.com/playlist?id=9474470606
62847,115793593,288,4,2024-03-21,3,欧美 电子 驾车 ,120,运动【硬曲】【战歌起】自律时代,9500819475,https://music.163.com/playlist?id=9500819475
13946,380154710,66,2,2024-05-03,5,日语 摇滚 ACG ,48,日漫超燃ACG |命运止于此夜 无尽刀剑齐鸣,9978045476,https://music.163.com/playlist?id=9978045476
4559,1475052225,40,3,2024-03-26,1,欧美 电子 驾车 ,98,运动【硬曲】【战歌起】自律时代,9536140543,https://music.163.com/playlist?id=9536140543
31292,1411918350,1245,32,2024-04-12,37,欧美 流行 R&B/Soul ,100,Spotify 流媒体时代最伟大的100首R&B歌曲,9760878350,https://music.163.com/playlist?id=9760878350
84036,5088441805,670,11,2024-05-07,8,欧美 浪漫 R&B/Soul ,67,微醺氛围感R&B：韵律小情歌 慵懒俏皮性感,10017037167,https://music.163.com/playlist?id=10017037167
100021,342371680,1195,7,2024-04-12,19,欧美 R&B/Soul 放松 ,88,100%松弛度/灵魂乐R&B 慵懒 迷幻氛围,9772379403,https://music.163.com/playlist?id=9772379403
4694,349808402,16,评论,2024-05-01,0,欧美 电子 游戏 ,92,那些超燃超带感的英文歌【精选合集no.1】,9958289078,https://music.163.com/playlist?id=9958289078
1901,342371680,32,1,2024-04-17,1,安静 孤独 治愈 ,58,至此鲜花赠自己，纵马踏花向自由,9813546897,https://music.163.com/playlist?id=9813546897
234535,2071162991,513,2,2024-03-11,5,华语 流行 说唱 ,92,春日限定｜嗓音里的惬意慵懒，暧昧不断…,9411308233,https://music.163.com/playlist?id=9411308233
167994,312585551,531,2,2024-03-02,5,华语 流行 90后 ,170,华语80，90后经典老歌 | 怀念青春的模样,9369249551,https://music.163.com/playlist?id=9369249551
48034,513946110,681,2,2024-05-14,3,华语 流行 综艺 ,40,『综艺』天赐的声音第五季｜最全合集,10052218918,https://music.163.com/playlist?id=10052218918
2934,445189786,19,评论,2024-05-03,0,流行 夜晚 伤感 ,90,雨停了 再送伞就没意义了,9981784231,https://music.163.com/playlist?id=9981784231
55770,339152569,890,3,2024-04-12,0,华语 流行 R&B/Soul ,56,【R&B/流行】今天辛苦了 进来休息下吧！,9765947737,https://music.163.com/playlist?id=9765947737
3976,312585551,35,评论,2024-05-12,1,电子 驾车 性感 ,115,抖腿车载DJ硬曲 | 低音炮震撼低沉鼓点音浪,10042588952,https://music.163.com/playlist?id=10042588952
7504,342371680,66,评论,2024-03-19,2,欧美 流行 快乐 ,87,欧美清爽调 | 自由灵魂氧 | 音乐律动walk,9482738367,https://music.163.com/playlist?id=9482738367
927396,107742044,5084,3,2024-02-16,29,流行 华语 综艺 ,143,综艺名场面live：一人一首成名曲,9305502310,https://music.163.com/playlist?id=9305502310
10019,3242104111,72,评论,2024-04-08,1,华语 说唱 民族 ,32,民族嘻哈｜说唱不止迪士尼还有五湖四海的风,9719176687,https://music.163.com/playlist?id=9719176687
22136,107742044,173,评论,2024-05-12,0,华语 流行 综艺 ,78,天赐的声音我是歌手：历届金曲舞台,10042248091,https://music.163.com/playlist?id=10042248091
115599,107742044,222,1,2024-02-16,3,韩语 流行 酒吧 ,56,韩语流行热歌：哪首是你的心头好,9306039296,https://music.163.com/playlist?id=9306039296
38504,2071162991,96,1,2024-04-29,3,华语 流行 浪漫 ,145,大胆奔赴 | 允许一切如其所事,9936735669,https://music.163.com/playlist?id=9936735669
2560,445189786,31,评论,2024-05-11,0,日语 流行 治愈 ,124,日语治愈：动心旋律 温柔治愈的日系歌曲,10040430937,https://music.163.com/playlist?id=10040430937
276837,1461603447,654,28,2024-05-17,24,快乐 浪漫 放松 ,43,520心动指南｜其实只是想找个理由见你,10063041158,https://music.163.com/playlist?id=10063041158
7785,1499091900,26,2,2024-04-30,0,华语 R&B/Soul 浪漫 ,35,华语R&B||把地球倒置，我用撒哈拉沙漠计时,9951852914,https://music.163.com/playlist?id=9951852914
11573,1475052225,74,评论,2024-03-26,3,欧美 电子 驾车 ,118,运动【硬曲】【战歌起】自律时代,9536256775,https://music.163.com/playlist?id=9536256775
3858,380154710,20,1,2024-04-20,2,华语 流行 经典 ,56,反方向的钟 | “说好的幸福呢”,9845931493,https://music.163.com/playlist?id=9845931493
21149,2118682115,111,评论,2024-04-11,2,华语 电子 驾车 ,203,一听上瘾丨适合循环播放DJ咚鼓歌曲,9756121142,https://music.163.com/playlist?id=9756121142
35555,2118682115,108,1,2024-04-12,0,欧美 电子 兴奋 ,68,打游戏必备丨戴上耳机 逆风翻盘carry全场,9760000074,https://music.163.com/playlist?id=9760000074
69487,107742044,225,评论,2024-03-16,4,华语 怀旧 90后 ,72,华语怀旧：重拾90后往昔岁月,9455871473,https://music.163.com/playlist?id=9455871473
413904,1461603447,1641,24,2024-04-09,32,华语 流行 旅行 ,30,五一快乐｜在旅途中邂逅美妙的旋律,9726256721,https://music.163.com/playlist?id=9726256721
29873,312585551,184,评论,2024-03-31,1,华语 流行 90后 ,179,经典老歌 | 90后萦绕在耳畔的回忆,9607064956,https://music.163.com/playlist?id=9607064956
5093,422767,16,评论,2024-05-23,1,欧美 治愈 ,20,欧美治愈日记本 · 笑着面对痛点,10085324532,https://music.163.com/playlist?id=10085324532
155659,380154710,513,11,2024-02-07,33,华语 R&B/Soul 浪漫 ,92,华语Rnb：别让世俗淹没生活的浪漫和热情,9269883018,https://music.163.com/playlist?id=9269883018
11103,3327595269,48,1,2024-05-07,1,流行 夜晚 伤感 ,26,戳泪预警：孤独患者一个人的狂欢,10008795146,https://music.163.com/playlist?id=10008795146
1216,105595655,4,评论,2024-03-19,0,另类/独立 欧美 安静 ,60,独立流行｜孤独且鲜红的野玫瑰,9486843417,https://music.163.com/playlist?id=9486843417
7919,290894929,66,评论,2024-04-13,0,华语 流行 90后 ,163,90后｜一人一首成名曲 -经典永不过时,9773802034,https://music.163.com/playlist?id=9773802034
255833,342371680,2162,7,2024-01-20,25,欧美 R&B/Soul 浪漫 ,145,浪漫R&B：或甜或欲 浪漫撩耳的迷醉氛围,9174389076,https://music.163.com/playlist?id=9174389076
5282,290894929,39,评论,2024-04-07,0,90后 流行 怀旧 ,100,经典老歌 | 90后青春回忆 怀旧流行歌曲,9703399866,https://music.163.com/playlist?id=9703399866
5651,290894929,48,评论,2024-04-05,1,90后 经典 华语 ,88,90后经典 | 一人一首成名曲 火爆华语乐坛,9678845718,https://music.163.com/playlist?id=9678845718
317,516122350,5,评论,2024-04-16,1,欧美 说唱 ,141,说唱|让你一秒沦陷的动感旋律,9808650754,https://music.163.com/playlist?id=9808650754
14497,417722,223,评论,2024-04-02,2,华语 综艺 ,130,天赐的声音第五季第5期｜歌曲全收录持更,9638533417,https://music.163.com/playlist?id=9638533417
7810,1475052225,62,1,2024-03-30,1,欧美 电子 驾车 ,101,『蹦迪 车载 抖腿』车窗摇下，声音调到最大,9590440052,https://music.163.com/playlist?id=9590440052
4022,107742044,53,评论,2024-05-02,0,华语 流行 综艺 ,60,天赐的声音金曲：汪苏泷 张碧晨 王赫野,9971003681,https://music.163.com/playlist?id=9971003681
1027,290894929,12,评论,2024-05-07,0,华语 流行 90后 ,200,华语经典 | 90后流行歌曲 旧时光的不老岁月,10008726850,https://music.163.com/playlist?id=10008726850
1653,290894929,21,评论,2024-04-18,0,华语 流行 安静 ,64,王菲/刘若英/林忆莲/王若琳/莫文蔚等,9832492098,https://music.163.com/playlist?id=9832492098
3257,2118682115,20,评论,2024-04-28,0,粤语 流行 经典 ,142,粤语经典老歌 首首经典 曲曲好听,9925802966,https://music.163.com/playlist?id=9925802966
1384,107742044,20,评论,2024-04-29,0,华语 流行 90后 ,100,蔡健雅 莫文蔚 杨丞琳 徐佳莹 梁静茹,9945712950,https://music.163.com/playlist?id=9945712950
5215,107742044,54,评论,2024-04-06,0,华语 流行 综艺 ,100,声生不息&天赐的声音&中国好声音,9695574958,https://music.163.com/playlist?id=9695574958
4194,290894929,21,1,2024-04-18,0,经典 华语 流行 ,104,经典老歌 | 90后回忆杀 给你一首我爱的歌,9824208790,https://music.163.com/playlist?id=9824208790
402526,342371680,2091,13,2024-02-29,18,华语 流行 驾车 ,112,「中文DJ嗨曲」 车载必备 慢摇DJ舞曲 ,9364738029,https://music.163.com/playlist?id=9364738029
2052,290894929,15,评论,2024-04-15,0,华语 流行 90后 ,66,90后回忆杀｜华语乐坛忆青春流行歌曲,9796197580,https://music.163.com/playlist?id=9796197580
488412,107742044,2532,6,2024-02-13,13,华语 流行 感动 ,137,毛不易，单依纯，张碧晨，薛之谦，邓紫棋,9295587633,https://music.163.com/playlist?id=9295587633
7218,290894929,38,评论,2024-04-04,0,华语 流行 经典 ,100,那些好听到爆的经典老歌 一秒沦陷,9673986928,https://music.163.com/playlist?id=9673986928
3992,107742044,21,评论,2024-05-10,0,华语 流行 综艺 ,116,张碧晨汪苏泷陈楚生周深张杰毛不易,10035669020,https://music.163.com/playlist?id=10035669020
1632,629268620,32,1,2024-04-19,0,欧美 电子 驾车 ,113,运动【硬曲】【战歌起】自律时代,9844238233,https://music.163.com/playlist?id=9844238233
7285,1289346856,58,评论,2024-05-11,0,清新 放松 治愈 ,36,INFJ放空｜感受夏日午后微风的味道,10041012901,https://music.163.com/playlist?id=10041012901
269491,107742044,1641,8,2024-02-01,8,华语 翻唱 综艺 ,87,神级翻唱live：享受天花板级别的嗓音,9238869483,https://music.163.com/playlist?id=9238869483
26966,312585551,169,评论,2024-03-25,1,华语 流行 90后 ,121,80，90后专属经典老歌 | 重温青春年少时刻,9518409119,https://music.163.com/playlist?id=9518409119
61685312,78905899,1739740,6280,2015-10-04,28134,轻音乐 钢琴 ACG ,127,"〖唯美纯音〗不需要歌词,也可以打动你的心",112875926,https://music.163.com/playlist?id=112875926
22356126,423252549,345334,1008,2017-10-01,6355,欧美 蓝调 爵士 ,124,深情布鲁斯，浓情老酒馆。,939320758,https://music.163.com/playlist?id=939320758
2301176,36193129,16593,138,2019-12-11,662,摇滚 金属 ,206,国摇金属:梦与花火怒放的桀骜篇章,3114158828,https://music.163.com/playlist?id=3114158828
5853646,122356259,107871,289,2017-12-01,2431,爵士 Bossa Nova 小语种 ,35,法语爵士|红酒与玫瑰浪漫邂逅,1997190595,https://music.163.com/playlist?id=1997190595
704221,80597181,5978,55,2019-02-03,397,欧美 流行 世界音乐 ,137,【德语】莱茵河畔之风拂过心田,2653868848,https://music.163.com/playlist?id=2653868848
1712,107742044,23,评论,2024-03-20,1,华语 流行 综艺 ,100,『中国好声音&天赐的声音&声生不息』最新热歌收录,9487776277,https://music.163.com/playlist?id=9487776277
4219,290894929,26,评论,2024-04-07,0,华语 怀旧 经典 ,102,经典老歌 | 90后回忆杀 一起回到那个年代,9704577823,https://music.163.com/playlist?id=9704577823
3060,1289346856,38,2,2024-03-05,0,清新 放松 治愈 ,52,春日放空系：悠闲散漫 温柔慵懒 沐浴微风 ,9382428750,https://music.163.com/playlist?id=9382428750
2972,107742044,38,评论,2024-04-25,0,华语 流行 驾车 ,117,周深 毛不易 汪苏泷 单依纯 张杰 张碧晨,9904321307,https://music.163.com/playlist?id=9904321307
3904,107742044,56,评论,2024-05-09,0,华语 流行 综艺 ,76,天赐的声音：张碧晨+汪苏泷+陈楚生+杨宗纬,10028444882,https://music.163.com/playlist?id=10028444882
678428,290894929,2712,14,2024-03-04,18,华语 怀旧 经典 ,116,承载我们回忆的经典老歌 致敬曾经的岁月,9379612912,https://music.163.com/playlist?id=9379612912
2858,107742044,28,评论,2024-03-23,0,华语 流行 综艺 ,100,顶级live：2024最值得听的神级舞台,9512251168,https://music.163.com/playlist?id=9512251168
8671,48578227,54,2,2024-04-17,0,欧美 流行 治愈 ,68,温柔治愈系 | 音乐才是荒芜人生的解药。,9813441041,https://music.163.com/playlist?id=9813441041
34064,290894929,133,1,2024-03-03,0,华语 流行 90后 ,96,重温 | 90后青春回忆 藏在老歌里的故事,9373493194,https://music.163.com/playlist?id=9373493194
4958,107742044,52,评论,2024-03-22,0,华语 流行 综艺 ,99,单依纯，周深，张杰，陈楚生，毛不易,9502641126,https://music.163.com/playlist?id=9502641126
1729,8415585269,15,评论,2024-05-07,0,华语 90后 怀旧 ,200,怀旧老歌 | 90后的经典 旧时光里的不老岁月,10010658736,https://music.163.com/playlist?id=10010658736
281927,374024623,2845,11,2021-06-14,280,摇滚 后摇 孤独 ,195,新式后摇 | 致敬旅行者号 最孤独的星际行者,6806734716,https://music.163.com/playlist?id=6806734716
28588884,7394345,252947,812,2016-11-20,7835,华语 民谣 孤独 ,287,华语民谣 I 孤独的心诠释诗意和远方,514947114,https://music.163.com/playlist?id=514947114
4007465,416512878,59041,426,2017-03-29,785,古典 钢琴 器乐 ,73,乐器之王——钢琴 | 从古至今的指尖魅力,644943140,https://music.163.com/playlist?id=644943140
14196094,83659385,324024,2637,2017-07-06,4704,民谣 游戏 ACG ,129,『小酒馆』剑与魔法 · 旅途中的休憩时光,800496969,https://music.163.com/playlist?id=800496969
3335871,45441555,91347,624,2017-05-30,1024,日语 治愈 ACG ,30,日系治愈｜想成为一个温柔的人,745510353,https://music.163.com/playlist?id=745510353
6074873,83659385,86882,1014,2017-08-29,1450,轻音乐 伤感 ACG ,81,『物哀纯音』漫天飞舞的红叶，暮色黄昏,899361402,https://music.163.com/playlist?id=899361402
2048947,341030416,22206,61,2019-07-11,934,Bossa Nova 爵士 拉丁 ,158,Bossa Nova｜聆听热情桑巴中的慵懒时光,2879306923,https://music.163.com/playlist?id=2879306923
3497606,93937325,35887,299,2015-11-27,992,安静 轻音乐 器乐 ,34,纯音 | 静淌时隙悄然掠过 | 助眠,132259437,https://music.163.com/playlist?id=132259437
2158395,306851500,26241,66,2020-04-18,819,爵士 欧美 ,30,复古慵懒 | 当经典摇滚被爵士如此演绎,4974682089,https://music.163.com/playlist?id=4974682089
29752948,44530116,507288,2565,2018-01-27,14852,轻音乐 放松 安静 ,104,助眠辑 | 自然音，伴灵动乐符萦绕耳畔,2075587022,https://music.163.com/playlist?id=2075587022
16912914,320509339,161588,812,2017-09-15,2341,华语 民谣 治愈 ,29,想开家茶馆，放首民谣给从前,919939187,https://music.163.com/playlist?id=919939187
5540483,341030416,32954,263,2021-03-18,2756,欧美 摇滚 快乐 ,118,可爱摇滚｜一剂抵挡春困的上好良药,6666112560,https://music.163.com/playlist?id=6666112560
7640054,1650191296,72920,331,2019-08-14,1805,欧美 R&B/Soul 夜晚 ,300,倾吐隐秘情绪｜百位R&B歌手精选,2936255937,https://music.163.com/playlist?id=2936255937
2102671,122356259,32091,136,2019-02-02,881,欧美 爵士 酒吧 ,62,黑胶唱片机|微醺情调耳边低语,2651898154,https://music.163.com/playlist?id=2651898154
10757280,7394345,189292,824,2016-06-29,3446,电子 夜晚 孤独 ,87,空灵纯音 ' 孤独症患者的绮丽梦境,411796573,https://music.163.com/playlist?id=411796573
2044707,374024623,24591,96,2020-10-04,574,轻音乐 钢琴 New Age ,235,钢琴独奏 | 当世界喧嚣时 宇宙依然宁静,5273305040,https://music.163.com/playlist?id=5273305040
14220694,60689372,405697,2255,2017-11-13,5955,轻音乐 安静 流行 ,38,「星轨旋律」揽下整个星空的纯音乐,995552555,https://music.163.com/playlist?id=995552555
5482125,85351650,88799,604,2017-01-23,3083,钢琴 古典 器乐 ,98,新古典集 I 三滴空明，庆赏无厌,579730540,https://music.163.com/playlist?id=579730540
1017352,3432498,13534,75,2021-02-17,1960,华语 摇滚 流行 ,413,乐团世代丨台湾乐团编年史（1980-2021）,6620660821,https://music.163.com/playlist?id=6620660821
4807262,107879460,81497,374,2018-04-11,1664,日语 怀旧 浪漫 ,58,City pop | 脱丧俱乐部里的复古蜜色,2180830258,https://music.163.com/playlist?id=2180830258
18293278,248426205,287616,1535,2018-07-25,3492,华语 民谣 古风 ,112,国风民谣 |满堂花醉三千客，一剑霜寒十四州,2331136477,https://music.163.com/playlist?id=2331136477
4291718,1653985242,74930,318,2019-08-10,693,日语 治愈 ,47,日系治愈：无法抗拒的温柔男声,2928393485,https://music.163.com/playlist?id=2928393485
1228689,85351650,9744,122,2016-12-08,454,欧美 乡村 摇滚 ,63,乡村摇滚 I 一簇炽而不灼的篝火,530916024,https://music.163.com/playlist?id=530916024
33082192,97412802,547677,4554,2017-03-29,17619,欧美 放松 快乐 ,63,不得了！这些英文歌的热评信息量好大……,645384312,https://music.163.com/playlist?id=645384312
9716882,75179909,155355,439,2017-11-20,2212,爵士 放松 轻音乐 ,66,「Jazz Hiphop纯音」被窝里的小咖啡馆,1984018874,https://music.163.com/playlist?id=1984018874
5736451,71937732,151479,335,2016-02-19,2271,古典 浪漫 思念 ,47,古典音樂史上最優美的夜曲与小夜曲,171967885,https://music.163.com/playlist?id=171967885
404429,379601668,6625,139,2021-01-25,373,民族 经典 ,60,中国戏剧最高奖–“梅花奖”,5482864472,https://music.163.com/playlist?id=5482864472
3090051,83659385,70650,665,2018-06-02,1259,轻音乐 爵士 ACG ,94,夜雀酒吧｜爵士与幻想乡少女的酒宴,2252139184,https://music.163.com/playlist?id=2252139184
6822181,2445590,118897,672,2016-09-10,2020,钢琴 影视原声 ,49,电影中的钢琴曲｜最会讲故事¹,461600464,https://music.163.com/playlist?id=461600464
8750921,62696289,189379,775,2017-10-15,2988,日语 钢琴 ACG ,152,不需要过多的伴奏，清唱也是一种美,959475356,https://music.163.com/playlist?id=959475356
4368904,322035816,112098,369,2016-11-19,1977,器乐 轻音乐 古典 ,63,弦声摇曳&魅影婆娑——悲泣的提琴之魂,514033019,https://music.163.com/playlist?id=514033019
2483524,1722591860,37397,263,2020-02-01,662,电子 轻音乐 器乐 ,805,国产纯音集 | 八百位音乐人，一人一曲,3222869790,https://music.163.com/playlist?id=3222869790
4369545,46665989,54394,246,2018-06-23,1887,爵士 放松 欧美 ,71,「Smooth Jazz」柔顺爵士，都市悠闲,2283573424,https://music.163.com/playlist?id=2283573424
1999163,477774868,25685,180,2024-01-10,320,电子 欧美 游戏 ,172,不会捏蓝（永劫无间）bgm收录【起飞版】,9129274037,https://music.163.com/playlist?id=9129274037
4403521,64131531,82121,553,2016-08-05,1591,日语 说唱 安静 ,61,"日系jazz hiphop,鼓点里的浪漫气息",437360812,https://music.163.com/playlist?id=437360812
2402660,311877725,51667,316,2016-10-07,1256,欧美 影视原声 感动 ,100,唯美震撼：聆听地球自然的呼吸,480747275,https://music.163.com/playlist?id=480747275
535549,3432498,8030,88,2017-06-10,365,韩语 摇滚 另类/独立 ,156,不期而遇丨indie音乐场景·「韩国乐队」,757295465,https://music.163.com/playlist?id=757295465
18287588,92582150,246406,2195,2017-05-19,3147,欧美 流行 90后 ,100,100位欧美90后歌手：他们把青春给了音乐,733122887,https://music.163.com/playlist?id=733122887
10263,119709454,579,27,2023-07-06,2,日语 流行 摇滚 ,209,日语冷门良曲发掘计划2【随缘更新中】,8534742865,https://music.163.com/playlist?id=8534742865
4029629,122356259,43281,126,2018-03-05,1497,欧美 Bossa Nova 放松 ,45,Bossa Nova惬意的下午茶时光,2128071807,https://music.163.com/playlist?id=2128071807
12055353,67853143,374372,1266,2016-06-19,5913,欧美 小语种 流行 ,149,【珍藏】必听的一百五十首音乐剧名曲,404757132,https://music.163.com/playlist?id=404757132
5060406,2129546,213073,926,2013-11-22,3204,民谣 欧美 小语种 ,45,心驰神往，欧洲中古风格民谣,6185746,https://music.163.com/playlist?id=6185746
4220133,1323364095,58927,263,2020-06-13,1189,欧美 清新 夜晚 ,129,浪漫星空物语☆空灵嗓音与星辰旋律,5062223334,https://music.163.com/playlist?id=5062223334
207327,374024623,2494,7,2021-07-11,154,摇滚 孤独 电子 ,248,氛围后摇 | 被孤立的鲸 偶遇坠入海底的星,6852909267,https://music.163.com/playlist?id=6852909267
1190090,389336627,8191,20,2020-07-13,275,华语 影视原声 古风 ,80,侠客行│江湖风起云涌，仗剑策马扬鞭,5117602648,https://music.163.com/playlist?id=5117602648
32844324,897345,611518,3313,2016-03-04,9180,欧美 民谣 乡村 ,100,【民谣盛宴】100首必听欧美民谣,311692545,https://music.163.com/playlist?id=311692545
21481172,63574988,746018,3635,2015-05-31,12415,轻音乐 日语 ACG ,18,【日系纯音向】夏树眠 蝉在叫 人坏掉❤️,77629049,https://music.163.com/playlist?id=77629049
4048113,2445590,43073,233,2016-06-09,483,影视原声 经典 感动 ,47,电影中的绝美女声哼唱｜空灵震撼,398102011,https://music.163.com/playlist?id=398102011
1005713,2130687543,10436,52,2022-11-20,122,电子 欧美 ,84,【永劫无间】单排 练刀必备,7758374374,https://music.163.com/playlist?id=7758374374
592190,268698340,12249,188,2020-04-25,97,日语 流行 ,41,献给一个“你未邂逅一个女生”,4987442569,https://music.163.com/playlist?id=4987442569
4058798,66406603,61656,507,2015-04-30,976,民谣 欧美 吉他 ,33,给我一把弹不累的吉他,69571731,https://music.163.com/playlist?id=69571731
321469,8422930273,3862,12,2023-12-17,51,R&B/Soul 夜晚 欧美 ,183,旋律R&B / NeoSoul 60's微醺加点浪漫的味道,8945244653,https://music.163.com/playlist?id=8945244653
21427868,74029445,433994,2043,2017-07-21,12192,轻音乐 夜晚 放松 ,163,倾听自然 · 海之遐想,819618896,https://music.163.com/playlist?id=819618896
2394553,93604915,27954,293,2016-05-08,480,器乐 另类/独立 摇滚 ,132,器乐纯音 | 独立音乐人的无言之声,377539909,https://music.163.com/playlist?id=377539909
1240014,1463489610,8439,26,2023-10-04,100,流行 学习 90后 ,196,节奏控 | 戴上耳机世界都是你的,8780598793,https://music.163.com/playlist?id=8780598793
1775964,85351650,22396,213,2016-05-03,593,摇滚 钢琴 流行 ,85,钢琴摇滚 I 浪子赠予诗人的一纸情书,374687888,https://music.163.com/playlist?id=374687888
28982866,64004173,842872,3940,2015-08-01,6850,日语 ACG 翻唱 ,89,日本人气唱见，每人一首良曲,94284266,https://music.163.com/playlist?id=94284266
2964385,1455872842,27008,321,2018-06-12,693,韩语 舞曲 夜晚 ,108,[Korea_Pop]男女团经典神曲合集都在此,2267420206,https://music.163.com/playlist?id=2267420206
1760026,31867249,25314,231,2015-02-20,640,欧美 民谣 另类/独立 ,20,当春风吹进民谣里【欧美篇】,53558869,https://music.163.com/playlist?id=53558869
5964976,41819436,57129,375,2023-03-13,504,韩语 流行 舞曲 ,162,KPOP随舞 | 这谁能忍住不跟跳,8232491318,https://music.163.com/playlist?id=8232491318
7795578,499839984,97436,867,2018-10-21,1611,华语 浪漫 ,94,【国人唱见】百首佳作，一人一曲演绎一段情,2478853012,https://music.163.com/playlist?id=2478853012
284020448,41751076,3305769,4837,2017-11-07,30076,粤语 怀旧 华语 ,115,经典老歌，久听不厌,988690134,https://music.163.com/playlist?id=988690134
3396969,311877725,29076,162,2018-03-04,647,欧美 影视原声 经典 ,78,电影里的音乐人，胶片上的旧时光,2126200965,https://music.163.com/playlist?id=2126200965
3332474,409028007,34744,436,2020-04-30,416,韩语 流行 清新 ,182,【K-POP】韩系甜曲•优质旋律•蜜音茕绕,4994211959,https://music.163.com/playlist?id=4994211959
2506329,416512878,42549,102,2017-05-25,734,古典 放松 器乐 ,82,弦外有声——活力小提琴,739403485,https://music.163.com/playlist?id=739403485
26845852,256834399,325875,2255,2018-04-10,4495,华语 摇滚 ,385,『国摇』一百支乐队一百种精神信仰,2179431622,https://music.163.com/playlist?id=2179431622
1006379,541959300,6257,27,2023-07-19,56,流行 运动 旅行 ,62,自由而热烈 | 你听，像不像一封辞职信？,8574410967,https://music.163.com/playlist?id=8574410967
631310,260072678,11184,64,2021-03-13,153,日语 流行 放松 ,152,日系精选总有一首触动你的心弦,6657794439,https://music.163.com/playlist?id=6657794439
1213048,536648815,18652,54,2021-08-04,529,欧美 R&B/Soul 放松 ,69,Funk舞厅 · 摇摆于复古派对,6897410885,https://music.163.com/playlist?id=6897410885
26790,3345345072,446,8,2023-10-21,1,学习 夜晚 孤独 ,125, 思考 INTJ 阅读 冷静｜适合独处时听的歌,8812326915,https://music.163.com/playlist?id=8812326915
268773,283511229,2094,20,2024-01-04,29,R&B/Soul 浪漫 放松 ,141,浪漫微醺R&B | 温柔令人沉醉,9116903850,https://music.163.com/playlist?id=9116903850
1239048,568244854,7753,25,2023-04-05,94,华语 流行 说唱 ,110,甜到爆炸RAP | 心跳双倍加速器,8280597525,https://music.163.com/playlist?id=8280597525
1674216,97515301,28194,29,2023-05-12,266,欧美 夜晚 放松 ,120,高级感chill｜慵懒放松 卧室暧昧氛围,8413001593,https://music.163.com/playlist?id=8413001593
2424297,343089652,33050,56,2022-05-12,385,驾车 夜晚 ,59,【公路歌单】加州/日落/夜晚/凉风,7430351888,https://music.163.com/playlist?id=7430351888
4792275,41038009,47435,469,2015-09-30,480,影视原声 粤语 怀旧 ,41,一座港城，一部电影，一场大梦,111694083,https://music.163.com/playlist?id=111694083
34394788,67853143,786787,2333,2015-06-24,7687,古风 华语 古典 ,195,【戏腔专题】伶人入画，一生天涯,83942307,https://music.163.com/playlist?id=83942307
13435811,583471,345338,1202,2013-12-20,9500,轻音乐 安静 放松 ,123,［自然纪］生命之律｜大自然的语言,7005467,https://music.163.com/playlist?id=7005467
5044560,409028007,46541,284,2020-04-18,457,韩语 流行 放松 ,249,【K-POP】女王风范•冷艳入骨•自信优雅,4974065923,https://music.163.com/playlist?id=4974065923
2254043,568244854,17695,147,2023-02-09,188,华语 流行 说唱 ,143,超甜Rap | 听了就爱上的抓耳旋律,8150624883,https://music.163.com/playlist?id=8150624883
2089930,122356259,33058,86,2017-11-12,1102,日语 流行 快乐 ,51,City Pop |都市慢生活指导手册,993524571,https://music.163.com/playlist?id=993524571
346570,342371680,7245,33,2023-12-26,90,欧美 R&B/Soul 浪漫 ,86,少女向R&B：快乐鼓点 带点可愛甜蜜的味道,9099444206,https://music.163.com/playlist?id=9099444206
369982,4000950546,4859,8,2023-10-22,45,R&B/Soul 性感 浪漫 ,141,「PB-R&B 」酒精音乐｜性感的迷离梦幻,8815861304,https://music.163.com/playlist?id=8815861304
69294928,129377889,1451266,5323,2018-02-17,12207,日语 ACG 流行 ,276,日系/无前奏：开口即跪 一秒沦陷,2105681544,https://music.163.com/playlist?id=2105681544
841884,342371680,7683,60,2023-10-27,97,欧美 流行 R&B/Soul ,198,氛围R&B：或甜或欲 浪漫迷醉的鼓点氛围,8823966093,https://music.163.com/playlist?id=8823966093
7374949,64631536,53220,417,2019-06-13,523,华语 流行 R&B/Soul ,284,华语R&B｜当代年轻人的耳机旋律,2841383480,https://music.163.com/playlist?id=2841383480
1243793,6420541235,13912,29,2022-12-15,184,R&B/Soul 下午茶 治愈 ,156,R＆B慵懒小调|微醺 日落 浪漫.,7819234097,https://music.163.com/playlist?id=7819234097
2089436,469476445,17751,101,2022-06-06,221,韩语 流行 ,153,走路起风的尅泡「Kpop」,7474688339,https://music.163.com/playlist?id=7474688339
187236,568996383,4904,22,2023-09-12,41,日语 感动 治愈 ,167,『日语女声』就让我再次沉溺于这温柔大海,8727738955,https://music.163.com/playlist?id=8727738955
171425,3223389037,820,3,2023-09-12,13,电子 驾车 夜晚 ,173,EA7抖腿车载硬曲 低音炮震撼低沉鼓点音浪,8728212638,https://music.163.com/playlist?id=8728212638
450788,53774877,3080,46,2023-11-11,35,欧美 R&B/Soul 浪漫 ,82,慵懒欧美R&B:舒慢溺于沉醉,8856013717,https://music.163.com/playlist?id=8856013717
1082337,1998824930,17724,54,2020-12-21,277,清晨 日语 乡村 ,60,【日系】嘬一口清酒，咧嘴一笑对人生,5390780906,https://music.163.com/playlist?id=5390780906
668539,3937312537,4235,9,2023-04-21,103,华语 欧美 R&B/Soul ,96,R&B氛围丨万缕柔情 拂动心弦,8368945230,https://music.163.com/playlist?id=8368945230
2917146,129153895,16164,122,2017-09-10,380,粤语 怀旧 流行 ,122,这些声音里藏着故事（粤语男声篇）,914087134,https://music.163.com/playlist?id=914087134
243010,1684812537,5576,21,2023-06-08,84,爵士 浪漫 日语 ,161,「Jazz hiphop」寻找向日葵气味的武士,8469097844,https://music.163.com/playlist?id=8469097844
899890,7883293786,6341,23,2023-06-13,98,欧美 说唱 兴奋 ,100,欧美说唱//让人上瘾并沉迷的致命迷幻,8480366497,https://music.163.com/playlist?id=8480366497
216853,107742044,1378,4,2024-01-13,9,华语 R&B/Soul 90后 ,125,陶喆+方大同：不可抵挡的R&B魅力,9142031796,https://music.163.com/playlist?id=9142031796
2300744,1580575984,30811,162,2022-10-30,449,欧美 清新 治愈 ,144,放空指南 | 享受云间般的温柔轻浮,7716181476,https://music.163.com/playlist?id=7716181476
917592,633475614,9202,41,2023-01-26,133,欧美 R&B/Soul 放松 ,109,欧美R&B || 慵懒旋律搭配成熟磁嗓,8099807237,https://music.163.com/playlist?id=8099807237
304091,342371680,3969,18,2023-12-05,77,欧美 R&B/Soul 浪漫 ,113,R&B血型人の节奏布鲁斯 浪漫小屋,8903810943,https://music.163.com/playlist?id=8903810943
33401676,58152516,521385,798,2015-08-26,5388,运动 欧美 流行 ,50,时尚运动•必备节奏,101354498,https://music.163.com/playlist?id=101354498
36821680,53561132,289719,635,2015-04-11,3869,运动 酒吧 兴奋 ,126,【运动健身】燃到爆的精神氮泵,64945293,https://music.163.com/playlist?id=64945293
364966,585957630,2204,19,2023-10-03,25,华语 R&B/Soul 蓝调 ,107,国语R&B情歌精选：浪漫旋律之旅,8775729080,https://music.163.com/playlist?id=8775729080
466925,342371680,7488,22,2023-12-10,87,欧美 R&B/Soul 浪漫 ,88,微醺R&B：浪漫浸染 或丝般柔顺 或梦般性感,8922614426,https://music.163.com/playlist?id=8922614426
1649581,107742044,8004,31,2023-12-12,51,华语 流行 综艺 ,194,音综封神live：顶级编唱震撼人心,8926488878,https://music.163.com/playlist?id=8926488878
9529741,3015651,71193,441,2015-08-07,410,华语 流行 怀旧 ,23,他们只出过一张唱片，但足够精彩,96148442,https://music.163.com/playlist?id=96148442
1548715,2093272942,19012,24,2021-09-28,174,欧美 学习 治愈 ,122,高级感｜氛围感｜舒缓英文歌｜持续更新,6993196007,https://music.163.com/playlist?id=6993196007
955087,1349255473,11915,24,2022-06-06,71,韩语 流行 ,211,韩语KPOP合集｜墨|吒|娃|次|鲸|兔|芙|炽,7473835899,https://music.163.com/playlist?id=7473835899
494956,392078662,6587,28,2023-10-21,57,欧美 R&B/Soul 浪漫 ,59,旋律R&B｜微醺 性感 浪漫氛围感,8811546491,https://music.163.com/playlist?id=8811546491
3966192,253588685,53701,257,2022-02-04,787,R&B/Soul 欧美 流行 ,259,「R&B入耳即醉1.0」放松心情 缓解焦虑,7274227578,https://music.163.com/playlist?id=7274227578
407125,1289346856,10660,51,2022-11-28,101,欧美 孤独 伤感 ,97,清冷破碎感：沉溺于虚幻缥缈的梦境之中,7776105393,https://music.163.com/playlist?id=7776105393
1438696,1499091900,13853,82,2021-07-04,229,欧美 R&B/Soul 浪漫 ,138,欧美R&B||沉浸于丝滑复古的灵魂旋律.,6841321530,https://music.163.com/playlist?id=6841321530
2831528,107742044,12198,41,2023-09-28,101,华语 治愈 工作 ,194,华语顶级治愈：神仙听了都沦陷,8760016412,https://music.163.com/playlist?id=8760016412
12295338,19389416,196363,2486,2015-11-22,4380,欧美 流行 运动 ,24,篮球名人堂御用单曲｜科神一路走好,130331313,https://music.163.com/playlist?id=130331313
1965969,1319355178,31998,32,2023-02-11,507,欧美 R&B/Soul 浪漫 ,255,「卧室氛围感」慵懒舒适chill 惬意又浪漫゜,8157963709,https://music.163.com/playlist?id=8157963709
148262528,39468344,2473248,6306,2015-05-22,25603,欧美 流行 榜单 ,112,评论过万的英文歌与潜力股,75182300,https://music.163.com/playlist?id=75182300
1387215,7883271025,9558,25,2022-11-04,180,R&B/Soul ,109,R&B品味限定|柔醺迷情苦橙酒,7726255680,https://music.163.com/playlist?id=7726255680
501777,346769611,4003,18,2023-05-25,68,R&B/Soul 流行 华语 ,58,『英文R&B』微醺缥游在浪漫时空,8436954261,https://music.163.com/playlist?id=8436954261
4748104,97515301,59740,158,2022-05-07,1075,欧美 夜晚 R&B/Soul ,217,旋律R&B｜梦幻、甜蜜、荡漾氛围的爱,7422454990,https://music.163.com/playlist?id=7422454990
1070715,107742044,5770,9,2023-09-28,48,华语 流行 综艺 ,170,神仙综艺live：教科书级别的现场,8760004461,https://music.163.com/playlist?id=8760004461
813555,342371680,11773,29,2023-09-16,159,欧美 流行 R&B/Soul ,175,心动R&B：快乐鼓点 带点可愛甜蜜的味道,8734621991,https://music.163.com/playlist?id=8734621991
4544502,1775465977,42342,402,2023-02-04,1863,流行 怀旧 思念 ,246,爱人的眼睛是第八大洋,8134829342,https://music.163.com/playlist?id=8134829342
293267,64125864,5411,21,2023-10-15,49,R&B/Soul 放松 欧美 ,166,欧美R&B｜顶级旋律瞬间沦陷,8802386865,https://music.163.com/playlist?id=8802386865
1652340,7883271025,10310,22,2022-11-04,226,R&B/Soul ,109,柔情R&B|迎着日落感受浪漫,7726197820,https://music.163.com/playlist?id=7726197820
255782,342371680,7298,26,2023-10-27,71,轻音乐 安静 孤独 ,65,美学纯音：是浸透灵魂的宿命与破碎梦境,8824767819,https://music.163.com/playlist?id=8824767819
6452250,1627994295,69130,230,2018-10-14,1077,欧美 ,104,【欧美风】霉霉/戳爷/比伯/萌德/断眉,2469559434,https://music.163.com/playlist?id=2469559434
791484,1383811250,6464,40,2023-03-01,212,韩语 流行 浪漫 ,67,KPop°前奏沦陷·沉溺在浪漫宇宙♡,8204733863,https://music.163.com/playlist?id=8204733863
843736,342371680,9371,24,2023-08-14,159,欧美 R&B/Soul 流行 ,226,氛围R&B：浪漫血型 R&B血型人的每日必听曲,8656474505,https://music.163.com/playlist?id=8656474505
405176,8376551360,2316,12,2023-11-29,24,欧美 流行 快乐 ,80,放飞心情 | 每天听三遍 拒绝焦虑内耗,8891062775,https://music.163.com/playlist?id=8891062775
198137,634733257,3814,40,2023-12-30,27,流行 治愈 ,41,综艺《种地吧》禾伙人都爱听的歌,9108058918,https://music.163.com/playlist?id=9108058918
537972,107742044,3408,4,2023-12-15,22,华语 流行 综艺 ,105,神仙综艺：声生不息vs天赐的声音,8937026669,https://music.163.com/playlist?id=8937026669
1401805,1289346856,18855,120,2023-05-29,201,欧美 流行 放松 ,250,“你应该是洒脱的 自由的 勇敢的”,8445348555,https://music.163.com/playlist?id=8445348555
533205,342371680,6692,28,2023-05-08,97,欧美 R&B/Soul 流行 ,121,浪漫R&B：玫瑰万千 去做风 狂热炽热,8407539138,https://music.163.com/playlist?id=8407539138
1402854,455028405,11847,61,2020-11-06,136,驾车 电子 欧美 ,265,『机车』摩旅、跑山骑行歌单,5321116636,https://music.163.com/playlist?id=5321116636
1406296,3937312537,13832,57,2022-04-21,427,欧美 学习 安静 ,180,微醺欧美：玫瑰沉溺晚霞色彩的海浪,7389092203,https://music.163.com/playlist?id=7389092203
1825262,3939215523,16391,22,2022-04-10,238,欧美 夜晚 ,268,【欧美】 拽姐出街 辣妹必备,7375024960,https://music.163.com/playlist?id=7375024960
744508,1362412704,7276,61,2022-10-11,83,轻音乐 夜晚 放松 ,205,[晚安]轻音乐温柔缓解焦虑氛围助眠,7683513561,https://music.163.com/playlist?id=7683513561
35366,1470778734,586,8,2020-05-25,3,夜晚 伤感 安静 ,174,午夜/傍晚时的背景歌曲/孤独感,5034896764,https://music.163.com/playlist?id=5034896764
782252,3875692946,10182,131,2022-08-24,73,欧美 电子 驾车 ,93,看封面就知道这曲有多硬,7605001372,https://music.163.com/playlist?id=7605001372
6507521,96991716,100280,216,2020-03-03,1584,放松 流行 欧美 ,237,欧美慵懒向｜ 独行的人总会遇到有趣的人,4894076787,https://music.163.com/playlist?id=4894076787
952005,342371680,10852,71,2023-03-27,152,欧美 R&B/Soul 流行 ,155,小众高级感：微醺R&B 慵懒暧昧 浪漫的味道,8261355008,https://music.163.com/playlist?id=8261355008
367435,5202132330,7368,38,2023-02-22,55,轻音乐 浪漫 下午茶 ,171,浪漫&抒情高氛围感纯音乐|钢琴|小提琴,8185383528,https://music.163.com/playlist?id=8185383528
1703418,568244854,9012,57,2023-03-22,69,华语 流行 00后 ,107,电量1%也听| 每一首都好听到出圈,8250466506,https://music.163.com/playlist?id=8250466506
10538896,4884396587,124309,937,2022-04-17,7147,思念 孤独 流行 ,243,0.8x早就看清楚你了 只是不舍得而已,7384054044,https://music.163.com/playlist?id=7384054044
9856391,339152569,66408,105,2022-02-21,573,欧美 说唱 驾车 ,49,【Rap】开车听这些 交警都问你要歌名,7301594684,https://music.163.com/playlist?id=7301594684
91397,48578227,709,9,2023-11-08,13,韩语 治愈 流行 ,207,韩语 | 温暖治愈的小甜歌 要开心哦。,8849499311,https://music.163.com/playlist?id=8849499311
246769,107742044,1232,4,2024-03-18,15,华语 工作 网络歌曲 ,77,工作耳机放党：办公也需要松弛平衡,9471373420,https://music.163.com/playlist?id=9471373420
10479396,1920909079,7098,115,2020-11-07,35,华语 流行 伤感 ,120,0.8x 我们都低估了时间的善变,5323071232,https://music.163.com/playlist?id=5323071232
2552,107742044,20,评论,2024-05-03,0,华语 流行 综艺 ,60,综艺热歌：天赐的声音 中国好声音,9976571757,https://music.163.com/playlist?id=9976571757
4877032,1470704489,46460,298,2018-07-22,709,说唱 华语 ,119,她像是含苞待放的花骨朵儿,2326852397,https://music.163.com/playlist?id=2326852397
800874,7883293786,7615,12,2023-06-05,111,欧美 R&B/Soul 治愈 ,80,R&B♡保持清醒的灵魂 总会遇到契合的人,8457636764,https://music.163.com/playlist?id=8457636764
1690294,1483231894,22856,31,2019-06-01,454,R&B/Soul 欧美 流行 ,185,⁡欧美R&B丨涩气微醺缠绵氛围感,2823286777,https://music.163.com/playlist?id=2823286777
1951,107742044,21,评论,2024-04-04,0,华语 流行 综艺 ,88,单依纯 周深 张碧晨 任素汐 薛之谦,9676780891,https://music.163.com/playlist?id=9676780891
21637,549017255,391,15,2023-02-16,17,摇滚 性感 ,21,南青乐队巡演曲目（不插电版）,8169903645,https://music.163.com/playlist?id=8169903645
171862,8465356110,2485,605,2023-03-22,73,孤独 网络歌曲 ,78,爱这一趟不变成仇人收不了手是吗,8250692277,https://music.163.com/playlist?id=8250692277
2585,417722,33,评论,2024-04-10,0,舞曲 旅行 驾车 ,76,车载DJ｜此生必驾 国道318川藏线,9736826731,https://music.163.com/playlist?id=9736826731
2986507,311877725,51674,420,2017-07-17,1079,欧美 影视原声 经典 ,85,呼喊与细语，欧美古典电影精选,813645724,https://music.163.com/playlist?id=813645724
3993649,33210355,86680,826,2015-06-21,1868,说唱 欧美 经典 ,256,257位西海岸说唱歌手精选,83105064,https://music.163.com/playlist?id=83105064
275371,1947824068,10483,48,2023-12-13,32,学习 ACG 流行 ,123,写作业时听的术力口捏ovo,8933332996,https://music.163.com/playlist?id=8933332996
427,1426317247,8,评论,2024-05-10,1,华语 R&B/Soul 散步 ,56,华语R&B｜浪漫慵懒·相遇不只是场梦,10037612196,https://music.163.com/playlist?id=10037612196
3732,107742044,32,评论,2024-03-31,0,华语 流行 综艺 ,80,顶级音综：神级演唱震撼人心,9617557280,https://music.163.com/playlist?id=9617557280
10116064,111782500,80963,329,2019-08-30,1053,欧美 驾车 放松 ,128,节奏控 | 神仙音律，瞬间开启心动模式,2963717607,https://music.163.com/playlist?id=2963717607
1189544,8092059311,23515,66,2023-10-02,140,浪漫 伤感 治愈 ,261,宿命感/BE故事感/电影氛围/脑补场景码文BGM,8772871899,https://music.163.com/playlist?id=8772871899
812518,1745265197,6501,65,2023-05-04,114,欧美 流行 放松 ,120,欧美系列|极致放空 找回自己,8399680947,https://music.163.com/playlist?id=8399680947
58119652,350999222,681373,1354,2018-08-02,8294,兴奋 流行 运动 ,309,节奏控 | 那些超带感的英文歌,2345048322,https://music.163.com/playlist?id=2345048322
1311392,3937312537,14221,7,2023-04-21,114,华语 欧美 R&B/Soul ,95,R&B｜沉溺于慵懒声线中的撩人节奏,8369003731,https://music.163.com/playlist?id=8369003731
1808,107742044,32,评论,2024-05-13,0,华语 流行 综艺 ,61,我是歌手历届金曲舞台金选！,10048905798,https://music.163.com/playlist?id=10048905798
6604074,311877725,63171,334,2016-10-20,810,影视原声 经典 怀旧 ,90,电影慰时光 | 华语怀旧文艺片精选,490158454,https://music.163.com/playlist?id=490158454
451473,107742044,1799,6,2024-02-27,11,华语 流行 90后 ,115,周深 单依纯 汪苏泷 毛不易,9353468541,https://music.163.com/playlist?id=9353468541
16592,380154710,138,3,2023-12-23,18,韩语 R&B/Soul 浪漫 ,57,韩系慵懒R&B：风月都好看 人间也浪漫,9091595141,https://music.163.com/playlist?id=9091595141
161135,107742044,1166,3,2024-01-21,9,华语 流行 90后 ,70,陈楚生神级舞台：再选一百次他都是冠军,9182116322,https://music.163.com/playlist?id=9182116322
497660,342371680,3722,22,2023-07-09,48,流行 快乐 欧美 ,83,夏日多巴胺快乐氛围曲•欢快旋律,8542903484,https://music.163.com/playlist?id=8542903484
13052,468356020,35,1,2024-04-04,1,华语 摇滚 治愈 ,104,摇滚｜向阳而生 像风一样自由,9670876229,https://music.163.com/playlist?id=9670876229
1708,107742044,11,评论,2024-05-09,0,华语 流行 综艺 ,72,华语神仙嗓：张碧晨 杨宗纬 汪苏泷 陈楚生,10033487202,https://music.163.com/playlist?id=10033487202
548371,107742044,2316,1,2024-03-15,22,华语 怀旧 影视原声 ,85,那些年我们一起追过的台湾偶像剧,9444595290,https://music.163.com/playlist?id=9444595290
2510,468356020,24,1,2024-04-16,0,流行 治愈 伤感 ,108,喜欢蚊子战歌是我的宿命.,9812688272,https://music.163.com/playlist?id=9812688272
1258609,1837554382,18741,81,2023-04-01,195,治愈 轻音乐 ,91,治愈纯音 | 让海风卷走烦恼,8271117999,https://music.163.com/playlist?id=8271117999
35112084,327725906,315073,1024,2019-03-15,5075,欧美 流行 世界音乐 ,179,好听到炸的英文歌单！！！好歌单，不解释。,2709554023,https://music.163.com/playlist?id=2709554023
161268,7883293786,733,6,2023-06-05,13,欧美 流行 放松 ,100,『欧美旋律』温柔与慵懒交织的氤氲梦境,8457319040,https://music.163.com/playlist?id=8457319040
28772,380154710,245,9,2023-12-26,17,流行 快乐 韩语 ,76,快乐指南99% ：是草莓软糖味的韩语小甜歌,9097862653,https://music.163.com/playlist?id=9097862653
258951,254932212,4001,111,2023-11-09,129,流行 R&B/Soul 夜晚 ,119,失眠飞行 ｜ 美丽的公主请听R&B ,8850835880,https://music.163.com/playlist?id=8850835880
960,38377151,4,评论,2024-03-26,0,欧美 电子 驾车 ,190,夜店DJ舞曲，艾瑞巴蒂嗨起来,9535983231,https://music.163.com/playlist?id=9535983231
19167,1289346856,187,3,2023-03-25,3,欧美 放松 治愈 ,55,午后小憩：暖阳下静谧温存时光 ,8258031246,https://music.163.com/playlist?id=8258031246
12088484,1920909079,5046,13,2021-11-23,16,华语 流行 伤感 ,122,0.8x 爱的多的人总先流眼泪,7084147602,https://music.163.com/playlist?id=7084147602
17764,48578227,159,3,2024-03-27,0,粤语 流行 放松 ,79,粤语 | 微醺chill的氛围感 惬意又浪漫。,9536759871,https://music.163.com/playlist?id=9536759871
122114,480862947,879,4,2023-05-21,11,华语 快乐 流行 ,47,甜音来袭：嗅弥绕其身的心动恋气,8431010565,https://music.163.com/playlist?id=8431010565
27185,312585551,128,评论,2024-03-21,0,华语 流行 90后 ,147,华语金曲 | 90后在时光中沉淀的经典老歌,9502337000,https://music.163.com/playlist?id=9502337000
13358581,409602887,184159,560,2019-06-21,2203,欧美 流行 快乐 ,253,Random丨听着就很快乐的英文歌,2853788694,https://music.163.com/playlist?id=2853788694
3652,107742044,23,评论,2024-03-22,0,粤语 经典 感动 ,60,经典粤语：致回不去的青春,9502669694,https://music.163.com/playlist?id=9502669694
73914,6397050661,2392,37,2023-11-03,11,日语 摇滚 ,44,一些贝斯很不错的日摇,8838322710,https://music.163.com/playlist?id=8838322710
87661,38377151,289,2,2024-02-18,5,欧美 电子 驾车 ,219,低沉鼓点，极致低音享受 「车载」,9315211427,https://music.163.com/playlist?id=9315211427
504154,1383811250,4003,11,2023-07-15,28,韩语 流行 放松 ,71,KPop°上班路上·轻松旋律·赶走焦虑♬,8558009535,https://music.163.com/playlist?id=8558009535
138332832,506592007,2224364,12939,2018-11-19,30426,轻音乐 学习 夜晚 ,168,纯音乐 轻音乐 解压 学习 刷题 睡觉 御用,2520739691,https://music.163.com/playlist?id=2520739691
1556,107742044,18,评论,2024-03-22,0,华语 流行 综艺 ,99,实力歌手：张碧晨单依纯陈楚生郁可唯周深,9503581552,https://music.163.com/playlist?id=9503581552
491744,1825848932,16770,120,2021-06-08,189,治愈 流行 怀旧 ,31,整个世界荒芜 我只听到我自己,6796631780,https://music.163.com/playlist?id=6796631780
69689,1720630260,368,评论,2023-04-03,3,欧美 说唱 流行 ,228,欧美说唱藏宝阁『私人臻藏』,8276779798,https://music.163.com/playlist?id=8276779798
336427,1778952780,621,66,2024-05-16,9,华语 粤语 流行 ,30,时光漫游｜过去的你完整了现在的我,10057565108,https://music.163.com/playlist?id=10057565108
40843,2071162991,59,3,2024-05-06,1,华语 流行 说唱 ,154,松弛指南｜在意识里过一生,9997878527,https://music.163.com/playlist?id=9997878527
18524,1289346856,127,评论,2024-04-27,1,欧美 R&B/Soul 夜晚 ,48,微醺暧昧氛围｜缱绻夜晚 柔情浪漫 沉醉其中,9919968211,https://music.163.com/playlist?id=9919968211
117569,424472838,971,10,2022-06-09,10,游戏 00后 ,49,永劫无间火男战斗燃曲,7478954559,https://music.163.com/playlist?id=7478954559
21238,1872710435,73,评论,2024-05-11,1,流行 旅行 ,91,旅行的风、尽情享受生命的美好与喜悦,10038920903,https://music.163.com/playlist?id=10038920903
62977,342371680,729,评论,2023-12-28,6,欧美 流行 快乐 ,75,城市漫游｜City walk自由律动 音乐充能站,9100867116,https://music.163.com/playlist?id=9100867116
3572717,540068826,47797,191,2017-12-20,572,欧美 夜晚 浪漫 ,191,性感高级慵懒风英文歌【持续更新】,2022042402,https://music.163.com/playlist?id=2022042402
21833296,1628490861,220897,702,2020-12-23,6080,欧美 流行 ,127,欧美丨旋律控的极致享受！,5393192213,https://music.163.com/playlist?id=5393192213
5020411,430629389,64248,117,2023-03-16,768,欧美 说唱 兴奋 ,134,欧美优质hiphop 顶级唱腔和丝滑flow,8236726038,https://music.163.com/playlist?id=8236726038
50549,3922217232,587,5,2023-11-25,4,轻音乐 学习 安静 ,117,/刷题背书轻音乐/刷题必备轻松纯音乐,8880860165,https://music.163.com/playlist?id=8880860165
2917,380154710,21,评论,2024-03-29,0,华语 流行 驾车 ,186,中文DJ | 车载高速必备咚鼓版dj歌曲,9586930644,https://music.163.com/playlist?id=9586930644
667412,8224140718,8383,251,2023-08-31,118,伤感 思念 网络歌曲 ,75,你闯进了我的镜头 我按下了消失,8702531981,https://music.163.com/playlist?id=8702531981
155318,5211601201,1468,5,2023-10-11,23,欧美 放松 快乐 ,140,『欧美小众』生有热烈，藏与俗常,8793174852,https://music.163.com/playlist?id=8793174852
943,107742044,6,评论,2024-04-20,0,华语 流行 综艺 ,60,神仙嗓音天花板：单依纯 徐佳莹 张碧晨,9848678870,https://music.163.com/playlist?id=9848678870
3047730,1650191296,26727,114,2019-07-27,580,欧美 说唱 R&B/Soul ,92,Urban · 历届格莱美精选集,2902128439,https://music.163.com/playlist?id=2902128439
1154921,107742044,6988,15,2023-11-02,29,华语 流行 治愈 ,179,治愈度1000%：单依纯 郁可唯 毛不易 周深,8837413655,https://music.163.com/playlist?id=8837413655
3587093,1580575984,60429,288,2022-03-31,1094,欧美 浪漫 R&B/Soul ,257,欧美小众| 惊艳世俗的极致氛围,7359306721,https://music.163.com/playlist?id=7359306721
561723,1998053337,3281,20,2021-09-01,44,欧美 运动 流行 ,208,节奏律动丨享受华丽-50s后炸裂,6949909481,https://music.163.com/playlist?id=6949909481
1569,2118682115,8,评论,2024-05-06,0,华语 流行 翻唱 ,46,90后怀旧集丨Jay歌曲免费听 专属我们的回忆,10003661442,https://music.163.com/playlist?id=10003661442
1339237,107742044,6245,28,2024-02-22,37,华语 流行 综艺 ,103,天赐的声音：顶级实力派歌手,9334706614,https://music.163.com/playlist?id=9334706614
293650,107742044,1425,2,2023-12-12,5,华语 流行 综艺 ,86,华语顶级live：狙击耳朵的神级现场,8926263827,https://music.163.com/playlist?id=8926263827
96149944,7883295797,371101,4251,2022-06-14,15922,华语 流行 伤感 ,180,宝藏挖掘机|分享好音乐和金曲,7487805161,https://music.163.com/playlist?id=7487805161
1099643,107742044,5941,9,2023-12-03,51,流行 华语 感动 ,159,单依纯张碧晨刘惜君郁可唯,8899456168,https://music.163.com/playlist?id=8899456168
444147,511328651,8799,49,2022-06-20,135,日语 流行 ,46,City pop | 梦回海浪拂过的昭和年代,7498269601,https://music.163.com/playlist?id=7498269601
8688,107742044,105,评论,2024-03-27,4,华语 流行 快乐 ,32,凤凰传奇2024年演唱会：吉祥如意！,9553217803,https://music.163.com/playlist?id=9553217803
1245462,2118682115,18599,48,2022-06-16,252,日语 流行 ACG ,76,日系治愈 | 微风轻轻起 我好喜欢你,7490641838,https://music.163.com/playlist?id=7490641838
163195,8369702149,2126,12,2023-03-29,19,R&B/Soul 浪漫 ,95,R＆B 氛围| 浪漫的微醺氛围,8264726806,https://music.163.com/playlist?id=8264726806
6454,380154710,38,评论,2024-04-01,2,韩语 流行 放松 ,82,万物可爱 | 春暖花开 最美人间四月天,9635317940,https://music.163.com/playlist?id=9635317940
666,1289346856,15,1,2024-03-25,0,放松 清新 治愈 ,52,春日i人放空系 | 别无所求 只想被阳光晒透,9524315019,https://music.163.com/playlist?id=9524315019
1229,2118682115,5,评论,2024-04-26,0,欧美 流行 浪漫 ,58,欧美治愈 风落在耳边 嘱咐你要热爱这个世界,9911347382,https://music.163.com/playlist?id=9911347382
10725843,7883242184,24246,944,2022-06-14,803,华语 流行 清晨 ,180,华语流行：温柔的风吹皱了晚霞的心,7487760322,https://music.163.com/playlist?id=7487760322
816436,107742044,5551,11,2023-10-31,36,华语 流行 综艺 ,166,华语顶级女嗓live：张碧晨 单依纯 郁可唯,8833238437,https://music.163.com/playlist?id=8833238437
139585,566469951,942,5,2022-07-06,17,伤感 ,249,痛苦留下痕迹夜晚总会深陷梦魇,7523466442,https://music.163.com/playlist?id=7523466442
24031,312585551,117,评论,2024-03-01,0,华语 流行 90后 ,115,华语 | 90后那些年MP3里的经典老歌,9368161042,https://music.163.com/playlist?id=9368161042
39058,516122350,140,60,2024-04-16,3,欧美 说唱 钢琴 ,106,说唱与钢琴|风格碰撞下的完美融合,9809258634,https://music.163.com/playlist?id=9809258634
2235480,1382159539,21703,71,2021-11-15,422,欧美 说唱 ,145,国外·Melody|【旋律说唱】耳膜兴奋剂,7070573082,https://music.163.com/playlist?id=7070573082
664584,7883293786,7140,28,2023-06-05,231,欧美 R&B/Soul 治愈 ,80,R&B·沉沦于蓝色梦乡 慵懒吐出夕阳,8457651555,https://music.163.com/playlist?id=8457651555
1338,107742044,7,评论,2024-05-10,0,华语 流行 90后 ,67,90后非主流：许嵩徐良汪苏泷本兮阿悄,10035541164,https://music.163.com/playlist?id=10035541164
26664,312585551,141,1,2024-03-10,1,华语 流行 90后 ,98,80，90后经典老歌 | 回味经典 重温旧梦,9404695513,https://music.163.com/playlist?id=9404695513
1712,349808402,15,评论,2024-05-08,2,欧美 兴奋 运动 ,199,『健身必备』有氧运动跑步歌单,10028177497,https://music.163.com/playlist?id=10028177497
252007,3251004224,6053,56,2022-11-15,73,轻音乐 浪漫 散步 ,127,伤痛为引的羁绊是我们之间的唯一连接,7748601828,https://music.163.com/playlist?id=7748601828
1776935,97515301,24892,55,2022-05-26,382,欧美 R&B/Soul 流行 ,217,卧室音乐丨一个人时的闲暇氛围感,7455388226,https://music.163.com/playlist?id=7455388226
641180,74440381,6948,28,2020-10-10,88,轻音乐 下午茶 浪漫 ,142,纯音乐·慵懒｜午后氛围咖啡馆,5281983103,https://music.163.com/playlist?id=5281983103
924952,97515301,12364,25,2023-05-08,180,欧美 夜晚 R&B/Soul ,73,缱绻R&B｜想在每个朦胧的夜幕下拥抱你,8406015094,https://music.163.com/playlist?id=8406015094
6269974,3246733486,34467,443,2021-01-16,1633,华语 流行 翻唱 ,232,听完这些歌，就该放下你了,5468446697,https://music.163.com/playlist?id=5468446697
257404,107742044,1544,5,2024-03-18,11,华语 流行 综艺 ,109,单依纯 周深 张碧晨 徐佳莹,9475063393,https://music.163.com/playlist?id=9475063393
11725,516122350,297,7,2024-04-13,10,欧美 流行 ,22,2024年科切拉音乐节打雷姐演唱曲目,9778054395,https://music.163.com/playlist?id=9778054395
1079947,107742044,4589,14,2023-11-07,35,华语 治愈 流行 ,147,人间温柔：单依纯毛不易周深,8848011567,https://music.163.com/playlist?id=8848011567
1174443,107742044,5928,11,2023-11-24,45,华语 流行 治愈 ,160,天花板治愈嗓：单依纯 | 毛不易 | 周深,8879854870,https://music.163.com/playlist?id=8879854870
5038093,1162612,71637,1502,2023-05-25,7922,华语 流行 ,39,5525 五月天｜回到那一天｜巡回演唱会 ,8436434272,https://music.163.com/playlist?id=8436434272
606823,342371680,9881,11,2023-10-23,111,R&B/Soul 流行 欧美 ,149,浪漫R&B｜微醺浸染 或丝般柔顺 或梦般性感,8817049067,https://music.163.com/playlist?id=8817049067
666,107742044,4,评论,2024-04-17,0,华语 流行 综艺 ,80,天赐女神嗓：单依纯 张碧晨 郁可唯 刘惜君,9822762711,https://music.163.com/playlist?id=9822762711
2193910,290894929,10300,45,2023-11-24,105,华语 怀旧 90后 ,115,90后回忆杀 | 回头看 輕舟已過萬重山,8879882077,https://music.163.com/playlist?id=8879882077
985,2118682115,8,评论,2024-04-30,0,华语 酒吧 兴奋 ,60,一听上瘾丨适合循环播放DJ中文歌曲,9947224772,https://music.163.com/playlist?id=9947224772
315523,107742044,1998,3,2024-01-21,9,华语 流行 综艺 ,121,顶级音综：全场听了都沦陷！,9179881415,https://music.163.com/playlist?id=9179881415
31717,312585551,202,4,2024-03-05,0,电子 性感 驾车 ,115,车载DJ | 踩着节奏，嗨到天亮,9381362009,https://music.163.com/playlist?id=9381362009
8573149,1452890391,109446,814,2021-01-14,2016,欧美 流行 清晨 ,161,「化妆/洗澡」女孩子当然是草莓味的!,5465168735,https://music.163.com/playlist?id=5465168735
78051,67092544,737,9,2023-06-10,13,欧美 流行 快乐 ,121,『欧美|甜歌』轻拾日光，听风声缱绻,8472533302,https://music.163.com/playlist?id=8472533302
777180,1289346856,9603,74,2023-08-17,163,欧美 放松 治愈 ,205,灵魂松弛剂：放空思绪 远离喧嚣 坠入云间,8665909492,https://music.163.com/playlist?id=8665909492
333360,614517058,6529,28,2022-07-03,51,日语 流行 治愈 ,87,超棒的日系组合｜夜鹿 YOASOBI 真夜中,7519341475,https://music.163.com/playlist?id=7519341475
868,107742044,10,评论,2024-04-13,0,华语 流行 综艺 ,80,神仙华语live：教科书级别的舞台,9772659855,https://music.163.com/playlist?id=9772659855
133663,477774868,2284,16,2024-01-13,28,流行 伤感 安静 ,91,不会捏蓝（永劫无间）bgm收录【超甜版】,9141222498,https://music.163.com/playlist?id=9141222498
167788,1289346856,1485,34,2024-05-11,15,放松 清新 另类/独立 ,56,Summer清凉感 ｜坠入薄荷曼波夏日水波,10038825882,https://music.163.com/playlist?id=10038825882
62616,341372274,251,评论,2024-03-16,1,华语 流行 网络歌曲 ,131,也许失去的正是不该拥有的,9452958171,https://music.163.com/playlist?id=9452958171
50300356,118987580,777685,1738,2017-12-10,8788,欧美 流行 浪漫 ,103,无前奏丨欧美女声丨三秒爱上,2008935342,https://music.163.com/playlist?id=2008935342
724667,1289346856,12211,42,2022-12-17,168,R&B/Soul 蓝调 爵士 ,122,微醺特调｜有酒有音乐 爵士蓝调 浪漫Jazz,7824689649,https://music.163.com/playlist?id=7824689649
2749,2118682115,14,评论,2024-05-06,0,华语 KTV 流行 ,48,华语丨80/90后经典老歌 KTV必点歌曲,10004452989,https://music.163.com/playlist?id=10004452989
569878,7883224351,4724,20,2023-06-13,71,欧美 兴奋 快乐 ,80,拯救早八 | 迅速提神醒脑,8480657327,https://music.163.com/playlist?id=8480657327
84049,1539702828,1085,4,2023-11-19,3,韩语 流行 ,88,kpop｜ 爱豆舞室银行打歌必备,8872185002,https://music.163.com/playlist?id=8872185002
1439,290894929,11,评论,2024-05-09,0,华语 怀旧 80后 ,83,8090后金曲歌单【一人一首成名曲】,10033255121,https://music.163.com/playlist?id=10033255121
1452940,107742044,8366,14,2024-01-03,51,华语 驾车 综艺 ,207,神级音综live：教科书级别的舞台！,9116115474,https://music.163.com/playlist?id=9116115474
58168,1872710435,1928,4,2024-03-22,343,清晨 欧美 ,79,英语｜精神咖啡注入一天满满活力,9504645772,https://music.163.com/playlist?id=9504645772
7004674,103780233,47339,457,2016-12-27,596,流行 R&B/Soul ,59,『R&B私藏』惊艳耳际，一听倾心,549789053,https://music.163.com/playlist?id=549789053
725,107742044,12,评论,2024-05-04,0,华语 流行 90后 ,100,王心凌 蔡依林 孙燕姿 梁静茹 林俊杰,9989364471,https://music.163.com/playlist?id=9989364471
13518,122163934,199,评论,2023-04-28,1,华语 流行 综艺 ,74,音乐现场 | 天赐的声音Live精选合辑,8383218468,https://music.163.com/playlist?id=8383218468
122185,342371680,1477,3,2023-10-05,16,欧美 流行 R&B/Soul ,80,心动R&B：浪漫鼓点 带点可爱甜蜜的味道,8782566006,https://music.163.com/playlist?id=8782566006
10232374,1912829165,112424,778,2022-03-14,1705,伤感 浪漫 流行 ,101,真是失礼 我们可是纯爱.,7333983296,https://music.163.com/playlist?id=7333983296
79752,1422249514,1837,35,2023-10-21,16,流行 华语 放松 ,138,INTJ｜Chill° 清醒 独立 自由 孤独 沉浸式,8811516036,https://music.163.com/playlist?id=8811516036
3992,8415585269,29,1,2024-04-07,0,华语 怀旧 90后 ,128,90后青春回忆杀 | 是经典 是过往 是老歌,9698016105,https://music.163.com/playlist?id=9698016105
420397,7883271025,2703,14,2022-11-04,41,R&B/Soul ,94,R&B：微醺夜晚恰好吹来的风,7726252606,https://music.163.com/playlist?id=7726252606
403131,1289346856,11214,72,2023-09-08,152,孤独 另类/独立 放松 ,140,另类独立曲风：肆意疯长 在破碎中走向新生,8719264025,https://music.163.com/playlist?id=8719264025
2023,107742044,22,评论,2024-04-26,0,华语 流行 驾车 ,100,陈楚生，王赫野，汪苏泷，薛之谦，周深,9917198051,https://music.163.com/playlist?id=9917198051
14014,8376551360,84,评论,2024-04-18,1,欧美 流行 快乐 ,132,夏日超火多巴胺｜多巴胺女孩快乐氛围曲,9829277462,https://music.163.com/playlist?id=9829277462
9461,8376551360,56,1,2024-04-17,2,欧美 流行 快乐 ,133,夏日多巴胺女孩 | 快乐心情氛围曲,9818629320,https://music.163.com/playlist?id=9818629320
436269,1,3360,18,2024-04-26,20,华语 流行 综艺 ,34,天赐的声音5 | 实力唱将天作之合,9912420454,https://music.163.com/playlist?id=9912420454
1355102,1422249514,21336,63,2023-08-05,229,孤独 夜晚 流行 ,69,逃脱不掉的宿命感 一听就忍不住落泪,8627322648,https://music.163.com/playlist?id=8627322648
374735,1289346856,4524,21,2023-09-06,57,放松 驾车 兴奋 ,95,驾车放松｜落日余晖 沙滩公路 敞篷跑车,8716261797,https://music.163.com/playlist?id=8716261797
1115714,1389009250,16924,30,2023-05-26,190,R&B/Soul 华语 夜晚 ,72,R＆B｜依加 陶喆 方大同 余佳运 郭顶,8437419066,https://music.163.com/playlist?id=8437419066
710671,2026151407,19275,70,2021-01-15,146,欧美 流行 日语 ,209,空灵/病娇/涩气/疯批美人/斯文败类,5465808317,https://music.163.com/playlist?id=5465808317
3775889,3223389037,19959,59,2022-10-14,325,华语 流行 综艺 ,299,天赐的声音第五季第5期丨不负热爱 纷繁热烈,7687715469,https://music.163.com/playlist?id=7687715469
369859,1289346856,8980,37,2021-10-17,142,欧美 放松 治愈 ,70,北欧氛围：如梦似幻的静谧之旅 空灵天籁,7024198754,https://music.163.com/playlist?id=7024198754
286279,342371680,3056,6,2023-12-29,18,欧美 流行 快乐 ,158,Citywalk 去拥抱浪漫 拥抱自由｜城市漫游,9104022987,https://music.163.com/playlist?id=9104022987
3207240,98971,58785,276,2013-11-03,674,运动 欧美 流行 ,45,音乐激励运动·中速跑BPM160-170·壹,5070424,https://music.163.com/playlist?id=5070424
17118734,2143240154,48380,125,2022-10-31,566,华语 R&B/Soul 流行 ,118,『中文R&B』七分优雅 三分微醺 尽情享受,7718873660,https://music.163.com/playlist?id=7718873660
717749,1353232010,9777,31,2022-09-19,106,流行 欧美 清晨 ,108,通勤路上的必备英文单曲,7644330173,https://music.163.com/playlist?id=7644330173
672540,107742044,4358,15,2024-01-09,23,华语 流行 感动 ,175,单依纯 张碧晨 薛之谦 周深 郁可唯 陈楚生,9127189679,https://music.163.com/playlist?id=9127189679
2073699,7965084314,13759,124,2023-03-26,187,欧美 放松 日语 ,206,听了心情100%快乐的歌曲,8260713756,https://music.163.com/playlist?id=8260713756
237707,1550439771,1860,6,2022-12-18,4,流行 治愈 放松 ,253,英文｜好听的英文歌百听不厌,7827327562,https://music.163.com/playlist?id=7827327562
3820483,2084829994,28680,274,2023-01-23,1123,华语 流行 伤感 ,202,1.2x1.3x他们都说忘记就不会痛苦.,8090285817,https://music.163.com/playlist?id=8090285817
1998619,499915181,24607,80,2018-03-14,1166,日语 民谣 世界音乐 ,114,琉球暖风伴清酒，日本岛呗艺术家大赏,2140965208,https://music.163.com/playlist?id=2140965208
194294,3432498,3246,24,2021-07-06,306,欧美 摇滚 朋克 ,93,后朋复兴丨千禧年后英国音乐场景的生猛重拳,6845093022,https://music.163.com/playlist?id=6845093022
1275828,48578227,13686,64,2023-04-16,215,R&B/Soul 放松 流行 ,302,Chill一下 | 把节奏放慢生活也是爱也是。,8304487903,https://music.163.com/playlist?id=8304487903
59062,1360325059,243,8,2023-11-28,8,说唱 欧美 ,56,Hiphop精选｜感受街头潮流的节奏冲击,8888859360,https://music.163.com/playlist?id=8888859360
321559,413162032,2827,28,2020-07-01,69,说唱 流行 ,217,不安人的心里装着薄荷水,5090647718,https://music.163.com/playlist?id=5090647718
103587,7872690377,617,60,2023-12-04,3,流行 华语 ,345,「爆款潜质」｜值得收藏的宝藏小歌,8901809096,https://music.163.com/playlist?id=8901809096
484170,342371680,8128,30,2023-05-08,65,日语 流行 清新 ,122,日式清新向｜超清新治愈的日语歌单,8405928935,https://music.163.com/playlist?id=8405928935
809149,342371680,8202,40,2023-04-23,125,轻音乐 清新 流行 ,91,自然之音 | 沉浸大自然 静谧与美好之中,8374925988,https://music.163.com/playlist?id=8374925988
3178286,373135893,33723,178,2019-07-11,1691,欧美 流行 ,217,比伯/碧梨/猴西/霉霉/水果/A妹/戳爷/Lauv/,2880017077,https://music.163.com/playlist?id=2880017077
1248754,1378494832,8614,44,2022-06-21,111,欧美 流行 兴奋 ,85,「欧美 超燃 节奏」女生既可以美也可以酷,7499330006,https://music.163.com/playlist?id=7499330006
2371967,52895432,28671,112,2023-07-12,368,欧美 流行 散步 ,119,citywalk听什么 | 漫步在都市节拍,8552179490,https://music.163.com/playlist?id=8552179490
6615856,1435950637,112217,342,2022-04-24,1442,华语 R&B/Soul 浪漫 ,258,华语｜Soul/R&B/方大同/陶喆/余佳运/…,7392583710,https://music.163.com/playlist?id=7392583710
14440442,7883242184,38060,1089,2022-06-14,835,华语 流行 浪漫 ,180,精选|音乐总是让人回味无穷,7487787817,https://music.163.com/playlist?id=7487787817
6748570,260858359,146993,2621,2016-04-28,2557,器乐 民族 安静 ,84,古琴‖清泠由木性 恬澹随人心,371174745,https://music.163.com/playlist?id=371174745
127545,1827318206,2854,25,2020-11-29,23,轻音乐 治愈 放松 ,196,少与人纠缠 多看大自然,5357515380,https://music.163.com/playlist?id=5357515380
279748,443893337,1549,1,2023-06-08,12,华语 流行 综艺 ,94,天赐的声音第四季1- 6合集,8468760336,https://music.163.com/playlist?id=8468760336
460759,342371680,5534,21,2023-06-20,66,欧美 R&B/Soul 性感 ,101,浪漫R&B：微醺氛围 浪漫鼓点 氤氲浸染,8495584696,https://music.163.com/playlist?id=8495584696
103209,268149434,1635,44,2018-06-03,90,华语 经典 流行 ,119,五月天回到那一天|5525演唱会北京现场歌单,2254025569,https://music.163.com/playlist?id=2254025569
2581075,290894929,22302,69,2023-02-10,152,古风 华语 思念 ,75,戏腔绝唱 | 赐我一场相爱，却又匆匆离开,8153773090,https://music.163.com/playlist?id=8153773090
836529,1763784387,3674,65,2020-01-13,49,伤感 安静 孤独 ,119,“人不会因为缺爱而被爱”,3191202168,https://music.163.com/playlist?id=3191202168
1655184,342371680,45158,174,2023-07-19,445,孤独 轻音乐 古典 ,124,美学纯音：纯粹 寂静 悠远 孤独 深邃,8573117366,https://music.163.com/playlist?id=8573117366
11599612,1704916943,93391,358,2019-02-15,1705,欧美 流行 兴奋 ,153,【英文】燃爆全场的英文歌曲，嗨到天亮！,2669325401,https://music.163.com/playlist?id=2669325401
13315,264182445,86,1,2023-11-20,2,R&B/Soul 欧美 放松 ,87,欧美慵懒R&B | 夕阳挂在海岸上空,8873854259,https://music.163.com/playlist?id=8873854259
10790542,79640896,99147,1380,2018-06-14,2177,另类/独立 摇滚 治愈 ,59,"•国人的噪声美学| 吾生梦幻间, 何事绁尘羁",2269884762,https://music.163.com/playlist?id=2269884762
2026102,422440514,11499,37,2023-03-19,133,欧美 电子 运动 ,83,欧美/节奏控/健身房充能/超燃,8245679886,https://music.163.com/playlist?id=8245679886
940693,107742044,4434,7,2023-11-13,21,华语 流行 工作 ,172,华语神仙嗓音：张碧晨 单依纯 周深 张韶涵,8859990644,https://music.163.com/playlist?id=8859990644
141731,3223389037,628,4,2023-05-19,10,华语 流行 综艺 ,97,天赐的声音第五季第5期丨Live封神现场,8426511243,https://music.163.com/playlist?id=8426511243
5384061,54614223,78634,120,2015-07-31,1417,流行 爵士 欧美 ,149,纵享丝滑，慵懒性感的咖啡味女声,94064401,https://music.163.com/playlist?id=94064401
3889292,1546777331,47920,60,2023-03-05,628,华语 流行 R&B/Soul ,99,情歌R&B｜萦绕耳畔的浪漫絮语,8213357610,https://music.163.com/playlist?id=8213357610
3751826,72460701,54886,143,2023-04-24,742,欧美 R&B/Soul 说唱 ,178,「爬墙」旋律/氛围/欧美/R&b/流行/说唱,8377278470,https://music.163.com/playlist?id=8377278470
10791827,1286855393,129890,404,2021-02-04,2103,欧美 浪漫 R&B/Soul ,227,慵懒随性 | 戴上耳机舒适度100%,6597679343,https://music.163.com/playlist?id=6597679343
5150542,541959300,66358,130,2022-11-03,696,华语 古风 流行 ,92,国风戏腔 | 人心多变，幻中吞幻,7724264654,https://music.163.com/playlist?id=7724264654
294663,1580575984,3747,17,2022-11-30,68,欧美 治愈 安静 ,84,「暮野治愈」沉浸聆听/自由的风/松弛且慵懒,7780071743,https://music.163.com/playlist?id=7780071743
582663,568244854,5574,17,2023-03-22,69,华语 浪漫 说唱 ,105,旋律说唱|与众不同的浪漫告白,8250397528,https://music.163.com/playlist?id=8250397528
11354,8800482005,176,1,2023-12-29,0,欧美 流行 怀旧 ,87,「风靡全球」曾经爆火的欧美神曲听过吗？,9103304316,https://music.163.com/playlist?id=9103304316
8816206,374353420,149968,706,2018-10-06,3504,欧美 舞曲 电子 ,60,《复古青年蹦迪指南》,2456763210,https://music.163.com/playlist?id=2456763210
11065158,5832286,282590,803,2016-08-30,4471,轻音乐 日语 器乐 ,81,和风｜物哀，如得其情，则哀矜而勿喜,454371535,https://music.163.com/playlist?id=454371535
4498044,107742044,22628,130,2023-11-04,119,华语 流行 综艺 ,191,顶级音综：一开嗓神仙都沦陷！,8841461487,https://music.163.com/playlist?id=8841461487
8290727,45441555,218549,849,2017-08-08,2413,日语 电子 ACG ,88,冰镇软萌音｜不能自已的Kawaii电音,873024264,https://music.163.com/playlist?id=873024264
2862794,409028007,29478,372,2020-12-19,364,韩语 流行 放松 ,122,【K-POP】心动前奏•撩拨沉寂已久的心灵,5387937606,https://music.163.com/playlist?id=5387937606
919513,568244854,4903,14,2023-05-17,54,华语 流行 说唱 ,145,『浪漫主义』爆炸好听的旋律说唱！,8422583693,https://music.163.com/playlist?id=8422583693
240259,1289346856,2897,17,2023-10-28,59,另类/独立 放松 驾车 ,82,Synthwave | 复古霓虹 敞篷跑车 落日余晖,8826758019,https://music.163.com/playlist?id=8826758019
831493,7883293786,7616,22,2023-06-02,68,欧美 流行 放松 ,100,小众｜那些极致温柔的英文歌,8451886193,https://music.163.com/playlist?id=8451886193
3125226,1580575984,36363,230,2020-08-21,658,欧美 R&B/Soul 清新 ,157,黄昏将至| 蓝调R&B奏响日落橘海,5193221116,https://music.163.com/playlist?id=5193221116
596579,568244854,3806,18,2023-03-27,50,说唱 流行 网络歌曲 ,110,高甜Rap | 高糖不发胖的说唱,8261733095,https://music.163.com/playlist?id=8261733095
2729990,290212891,16596,29,2023-01-14,159,华语 90后 流行 ,198,华语经典 | 那些属于我们青春的一首歌曲,8055396278,https://music.163.com/playlist?id=8055396278
1498591,311877725,16828,124,2020-02-19,605,影视原声 怀旧 经典 ,70,经典放映室｜美国往事 黑白人生,4872288769,https://music.163.com/playlist?id=4872288769
2229231,538251488,31424,277,2021-02-12,259,另类/独立 摇滚 夜晚 ,65,「所以生命啊，它苦涩如歌。」,6612616283,https://music.163.com/playlist?id=6612616283
2754494,1152031,54002,348,2014-01-01,1131,爵士 欧美 怀旧 ,16,老爵士，入味地听,7352769,https://music.163.com/playlist?id=7352769
5521837,585547926,50580,284,2021-04-05,776,华语 流行 R&B/Soul ,127,华语R&B|和喜欢的人一起听歌就有双倍的快乐,6697491422,https://music.163.com/playlist?id=6697491422
2387455,7883271025,16517,49,2022-11-04,260,R&B/Soul ,113,R&B|体验慵懒舒适的轻快感,7726448714,https://music.163.com/playlist?id=7726448714
1126095,1580575984,12859,68,2023-01-05,255,欧美 R&B/Soul 治愈 ,128,慵懒R&B | 沉沦于梦境的动情语调,8023868883,https://music.163.com/playlist?id=8023868883
1427458,107742044,5935,14,2023-12-14,22,华语 流行 综艺 ,178,盘点综艺里的神仙演唱：一开嗓就沦陷,8934556275,https://music.163.com/playlist?id=8934556275
4146736,783819,20254,489,2017-08-27,230,华语 流行 怀旧 ,93,"B面第一首 ""非主打""备胎的忧伤",896260777,https://music.163.com/playlist?id=896260777
4999437,395844527,72160,965,2023-10-20,2777,欧美 流行 快乐 ,56,Taylor Swift霉霉时代巡演大电影歌单！,8811017000,https://music.163.com/playlist?id=8811017000
739509,476926053,24504,98,2022-10-21,234,日语 夜晚 ,53,【日语】希望明天永远不要到来,7698917382,https://music.163.com/playlist?id=7698917382
41337228,108952364,352667,600,2017-08-25,4677,粤语 流行 怀旧 ,99,粤语女声：永远心仪,893126993,https://music.163.com/playlist?id=893126993
4414354,477233246,95680,335,2022-04-08,2153,浪漫 夜晚 欧美 ,269,微醺氛围曲| 浪漫 缠绵 极致欢愉,7371585618,https://music.163.com/playlist?id=7371585618
7348663,511320314,103297,186,2019-03-23,1278,摇滚 华语 流行 ,168,回春丹/草东/告五人/花墙/脏手指/新裤子,2721184237,https://music.163.com/playlist?id=2721184237
4580133,392078662,36256,60,2021-09-18,402,欧美 流行 ,214,欧美英文｜旋律 节奏 律动 氛围,6976173486,https://music.163.com/playlist?id=6976173486
4437330,58136425,71477,3687,2015-06-26,2387,ACG 华语 日语 ,109,追忆向【童年不是喜羊羊真是太好了】,84484785,https://music.163.com/playlist?id=84484785
186352,429700308,632,27,2023-12-28,65,电子 舞曲 驾车 ,145,｜电音·榜单｜热门电音单曲 与君共赏,9101775456,https://music.163.com/playlist?id=9101775456
424228,1349255473,4264,8,2023-09-17,32,韩语 影视原声 00后 ,75,那些年追过的韩剧ost合集,8739057655,https://music.163.com/playlist?id=8739057655
4289965,64272440,64499,244,2017-01-08,1654,轻音乐 器乐 浪漫 ,66,浪漫主义 献给爱与美,563131486,https://music.163.com/playlist?id=563131486
3047231,1375708851,42965,158,2020-09-26,675,R&B/Soul 治愈 ,254,方大同 余佳运 卢广仲 陶喆 丁世光,5254762765,https://music.163.com/playlist?id=5254762765
156778,614517058,4661,56,2022-10-23,55,日语 流行 ACG ,119,「四夜人集合！」夜鹿 真夜中 夜游 可惜夜,7703720227,https://music.163.com/playlist?id=7703720227
1423657,568244854,8261,58,2023-04-05,119,华语 说唱 流行 ,120,微甜RAP | 想尝尝爱情的甜嘛,8280551582,https://music.163.com/playlist?id=8280551582
620165,7883271025,3802,12,2022-11-04,57,R&B/Soul ,94,氛围R&B|让晚风吹走夜晚的孤独,7726266672,https://music.163.com/playlist?id=7726266672
1027721,280729741,7229,84,2023-04-24,99,欧美 说唱 放松 ,217,欧美说唱 | 百变flow纵享丝滑,8377288379,https://music.163.com/playlist?id=8377288379
211829,312585551,1033,5,2023-12-07,9,流行 电子 驾车 ,117,蹦迪神曲 | 抖腿难改`摇头情似海,8907503220,https://music.163.com/playlist?id=8907503220
488914,3937312537,2340,4,2023-04-21,29,华语 欧美 R&B/Soul ,96,[R&B]微醺 像轻云细雨般，缠绵不清,8368338198,https://music.163.com/playlist?id=8368338198
1112624,7394345,18688,157,2020-06-22,564,电子 另类/独立 孤独 ,80,Future Garage ' 孤独与守望者的悲鸣,5076804809,https://music.163.com/playlist?id=5076804809
8144825,7629556,73053,348,2016-09-29,697,华语 爵士 夜晚 ,37,听华语中的爵士味道，别样慵懒,474564716,https://music.163.com/playlist?id=474564716
1720982,568244854,19231,97,2023-04-05,159,华语 流行 说唱 ,128,甜腻Rap | 脸红警告 想恋爱拉！,8280619473,https://music.163.com/playlist?id=8280619473
314906,1499091900,3658,26,2023-12-08,55,华语 R&B/Soul 浪漫 ,100,华语R&B| 是冬夜里冒着热气的月亮 ,8912074743,https://music.163.com/playlist?id=8912074743
402136,312585551,2088,12,2023-12-07,18,电子 驾车 兴奋 ,117,车载DJ丨超嗨节奏响彻旅途,8907116931,https://music.163.com/playlist?id=8907116931
6919862,1908891938,49348,293,2021-08-10,616,欧美 电子 游戏 ,95,那些超燃超带感的英文歌【精选合集no.1】,6910830828,https://music.163.com/playlist?id=6910830828
5126414,31080099,96912,894,2014-10-14,1852,摇滚 欧美 工作 ,63,温柔的摇滚吟颂者,32471960,https://music.163.com/playlist?id=32471960
13849372,2683821,493950,2659,2016-05-15,7447,小语种 ACG New Age ,91,「造语歌」穿透灵魂 如唱诗般空灵唯美♪,382291922,https://music.163.com/playlist?id=382291922
3272823,254932212,46856,376,2023-02-16,1201,流行 R&B/Soul 欧美 ,101,欧美氛围R&B ｜ 听节奏布鲁斯才是正经事,8171148265,https://music.163.com/playlist?id=8171148265
7587994,370517680,88085,670,2018-07-12,1170,华语 R&B/Soul 流行 ,110,宝藏R&B：那些挑动心弦的惊艳佳作,2311898947,https://music.163.com/playlist?id=2311898947
3802469,85351650,58561,569,2016-05-16,1541,后摇 器乐 另类/独立 ,151,提琴后摇 I 颅内盛宴，思绪狂欢,382716015,https://music.163.com/playlist?id=382716015
4294282,33885759,37552,372,2017-02-28,609,粤语 流行 华语 ,96,香港金牌作曲人第二辑｜如果没有雷颂德,615218978,https://music.163.com/playlist?id=615218978
6451575,7394345,59623,410,2019-04-06,607,华语 流行 伤感 ,144,「华语R&B」陷入耳机里的温柔旋律,2743807342,https://music.163.com/playlist?id=2743807342
17615118,897345,423511,3733,2015-09-29,7384,轻音乐 兴奋 ,114,牛掰的人是这样拉小提琴的！,111456043,https://music.163.com/playlist?id=111456043
18546858,118484559,237583,805,2015-12-30,3101,欧美 电子 清新 ,154,【绝美人声+完美电音】，触电节奏一秒倾心~,146852233,https://music.163.com/playlist?id=146852233
2709848,7883271025,21664,51,2022-11-04,371,R&B/Soul ,98,微醺R&B|享受此中片刻醉意,7726237700,https://music.163.com/playlist?id=7726237700
4198999,44287793,96959,372,2018-03-18,879,器乐 轻音乐 民族 ,37,华夏风骨●宫商角徵羽 五音传千年,2146003213,https://music.163.com/playlist?id=2146003213
13272170,2747182,327620,1281,2015-05-06,5607,轻音乐 治愈 感动 ,135,极简主义 | 听见。即诗。,71289185,https://music.163.com/playlist?id=71289185
1108663,286427520,33653,236,2019-02-17,854,古典 学习 经典 ,197,古典音乐是如何命名编排的？,2671752276,https://music.163.com/playlist?id=2671752276
2370147,1650191296,24753,142,2019-04-28,614,欧美 乡村 旅行 ,96,Country | 自驾旅行，赏乡野风情,2774009329,https://music.163.com/playlist?id=2774009329
1039733,35631431,27930,79,2021-01-26,718,日语 流行 经典 ,128,东瀛 1980s 都市流行时光机丨City Pop,5483718802,https://music.163.com/playlist?id=5483718802
2177608,111089166,31164,108,2020-05-21,711,日语 怀旧 经典 ,39,怀旧金曲丨那些原唱是日语的经典老歌,5028497628,https://music.163.com/playlist?id=5028497628
2269821,97515301,32224,54,2023-02-11,485,运动 散步 地铁 ,182,潮牌店BGM/东山口/安福路/太古里,8157041911,https://music.163.com/playlist?id=8157041911
2770937,341030416,24661,116,2019-08-30,596,欧美 英伦 另类/独立 ,119,『英伦女声』遗世而独立的不列颠玫瑰,2962407224,https://music.163.com/playlist?id=2962407224
2287892,105595655,17028,39,2022-11-09,157,华语 说唱 性感 ,145,【Hip-Hop街区】武装押韵，爆炸预警,7737528631,https://music.163.com/playlist?id=7737528631
17434634,389547363,161817,381,2020-02-28,1174,华语 流行 怀旧 ,99,青春的记忆|九十年代最好听的100首歌,4887974807,https://music.163.com/playlist?id=4887974807
2060964,418592306,34559,145,2019-09-08,360,轻音乐 浪漫 经典 ,195,国人浪漫主义 | 和風爱凄雅，国乐纵逍遥,2975237579,https://music.163.com/playlist?id=2975237579
2053956,44287793,30958,477,2018-06-03,356,华语 古风 民族 ,57,三字词牌集●红笺小字 说尽平生意,2252564543,https://music.163.com/playlist?id=2252564543
4205347,5190793,64621,228,2015-07-30,909,运动 欧美 电子 ,30,每天一点轻电的跑步节奏,93817702,https://music.163.com/playlist?id=93817702
7776067,320509339,147472,361,2017-02-18,3159,流行 爵士 放松 ,25,爵士与散步可兼得,605499971,https://music.163.com/playlist?id=605499971
1676879,3432498,50491,211,2020-06-20,1294,欧美 摇滚 另类/独立 ,61,东斯拉夫丨后苏联时代后朋冷潮的复古美学,5073767626,https://music.163.com/playlist?id=5073767626
4316282,6190643,82842,1924,2015-07-10,1805,古风 影视原声 游戏 ,100,『踏歌长行』仙剑＆古剑音乐分类排名盘点,88193751,https://music.163.com/playlist?id=88193751
8878766,3011615,232580,1184,2013-10-01,2996,小语种 清新 浪漫 ,30,全球最动听的法语歌,4241903,https://music.163.com/playlist?id=4241903
551265,485543957,4966,11,2021-10-14,238,欧美 古典 钢琴 ,39,艺术之魂丨电影中那些至美的「肖邦时刻」,7019680451,https://music.163.com/playlist?id=7019680451
6751533,7394345,44377,728,2020-07-17,745,流行 韩语 兴奋 ,147,K-Pop选集 ' 有氧节拍劲爆来袭,5126194900,https://music.163.com/playlist?id=5126194900
3649848,111089166,66388,137,2020-05-21,1147,日语 怀旧 浪漫 ,108,City Pop丨霓虹之都的浪漫旋律❤,5028486868,https://music.163.com/playlist?id=5028486868
16545918,31199688,318659,1298,2015-12-03,3896,欧美 电子 另类/独立 ,19,【毒】开口沉醉，迷失于这女声,134606748,https://music.163.com/playlist?id=134606748
9384642,6802965,101472,459,2014-08-11,1007,运动 欧美 流行 ,47,[ 运动音乐 ] 脂肪与美貌不可兼得,24344383,https://music.163.com/playlist?id=24344383
8917538,205640,171265,939,2014-10-27,2508,民谣 欧美 清新 ,137,我听欧美民谣的美好时光,34254526,https://music.163.com/playlist?id=34254526
9643330,113164676,145317,526,2017-12-27,2502,欧美 流行 钢琴 ,303,钢琴前奏｜清新静谧的舒适体验,2031723550,https://music.163.com/playlist?id=2031723550
9589158,53654839,105343,1026,2018-02-11,2447,欧美 电子 浪漫 ,97,玫瑰全都给你 可不可以把你给我？,2097947168,https://music.163.com/playlist?id=2097947168
194288352,6438754,3907060,10371,2014-11-19,41178,流行 欧美 快乐 ,16,那些只听前奏就中毒的英文歌,37432514,https://music.163.com/playlist?id=37432514
425345,379601668,6181,28,2020-12-19,264,古风 民族 华语 ,62,礼义之邦｜华夏文明五千年，薪火相传永不灭,5386704458,https://music.163.com/playlist?id=5386704458
549614,122356259,8913,89,2018-09-16,419,欧美 摇滚 蓝调 ,42,复古派对|一起跳欢乐的舞蹈吗,2423552205,https://music.163.com/playlist?id=2423552205
1013849,286427520,13805,124,2019-07-28,475,欧美 摇滚 ,41,巴洛克流行 I 摇滚和古典的美妙结合,2903676321,https://music.163.com/playlist?id=2903676321
846269,435792755,19004,135,2020-04-28,408,电子 轻音乐 ACG ,56,童话风电子｜异世界环游，糖果与幻想,4992498533,https://music.163.com/playlist?id=4992498533
2653224,69578876,35609,623,2015-11-17,449,说唱 欧美 榜单 ,97,美国说唱史上最伟大的100位歌手。,128251515,https://music.163.com/playlist?id=128251515
4094037,350556138,51609,158,2017-09-03,1047,摇滚 蓝调 爵士 ,100,一百位爵士吉他大师•爵士乐全风格收录,905194035,https://music.163.com/playlist?id=905194035
4103834,83659385,85105,769,2017-08-08,1185,轻音乐 民族 ACG ,159,『异域幻想』妖精乡 · 骑士的放浪冒险谭,872527977,https://music.163.com/playlist?id=872527977
7904760,1323364095,113185,1306,2019-03-14,1242,欧美 学习 流行 ,280,『学霸模式』让音乐来陪伴一天的学习,2708862630,https://music.163.com/playlist?id=2708862630
33155326,532678175,724443,3011,2017-11-18,5656,游戏 电子 运动 ,55,『玩游戏』游戏运动必备超燃电音PHONK,1980964492,https://music.163.com/playlist?id=1980964492
1694789,341030416,6616,83,2020-11-23,1035,摇滚 欧美 感动 ,103,「雨之摇滚·倾听爱与自由乐章」,5347651276,https://music.163.com/playlist?id=5347651276
20041926,129593031,351711,3243,2016-11-13,10989,夜晚 孤独 后摇 ,111,「后摇」一只孤独的巨兽在深海里呼喊,509265479,https://music.163.com/playlist?id=509265479
4347699,122356259,51629,167,2018-01-14,939,欧美 摇滚 驾车 ,61,公路音乐|纵情追逐梦想与远方,2057923710,https://music.163.com/playlist?id=2057923710
30004988,248755337,706867,2564,2018-01-03,6053,华语 古风 学习 ,190,『曲作精选』细数古风圈原创作曲人❶,2041615881,https://music.163.com/playlist?id=2041615881
8359320,3009378,257722,516,2013-09-17,2171,轻音乐 放松 经典 ,35,背景音乐珍藏，总有一天你会用上的,3924483,https://music.163.com/playlist?id=3924483
6276129,327424933,87389,263,2017-06-06,860,日语 摇滚 清新 ,50,『日摇』烟火盛放的清新夏夜,753054763,https://music.163.com/playlist?id=753054763
9542318,720841,119935,986,2016-06-21,2987,电子 清新 放松 ,46,电音//有点撩骚的萨克斯,405849034,https://music.163.com/playlist?id=405849034
2693779,85351650,42223,317,2016-03-02,942,乡村 欧美 ,90,蓝草选集 I 触碰三月暖阳，哼唱轻快小调,310372396,https://music.163.com/playlist?id=310372396
6169540,7394345,108929,596,2016-11-05,3104,电子 孤独 另类/独立 ,72,冰気电子 ' 沉溺于绮旷的荒芜之境,502767290,https://music.163.com/playlist?id=502767290
5684382,103672794,112783,544,2016-06-22,2175,浪漫 舞曲 轻音乐 ,32,【摇曳着的优雅与浪漫】三步华尔兹,406761044,https://music.163.com/playlist?id=406761044
14235645,128196405,278343,854,2017-12-01,4835,欧美 民谣 治愈 ,36,北欧民谣 | 赐你一剂澄净安逸的心灵圣药,1997189512,https://music.163.com/playlist?id=1997189512
1283947,418592306,18882,50,2018-09-06,473,欧美 影视原声 钢琴 ,32,电影中的钢琴曲丨恋语哼唱，佳片有约,2407040250,https://music.163.com/playlist?id=2407040250
2742648,306851500,35175,196,2020-03-02,816,经典 欧美 怀旧 ,44,诗人篇 | 那些藏在音乐里的文学宝藏,4893733399,https://music.163.com/playlist?id=4893733399
367154,111089166,5426,36,2020-06-09,345,轻音乐 夜晚 孤独 ,61,致郁纯音丨那些用符号编织的梦境,5056460435,https://music.163.com/playlist?id=5056460435
34798828,1176807,971989,5578,2013-07-29,13890,古典 工作 学习 ,31,增强记忆性古典音乐（适合学习作业使用）,2984653,https://music.163.com/playlist?id=2984653
14943023,5832286,403147,1128,2016-03-15,6556,古典 放松 器乐 ,41,古典｜从巴洛克到浪漫的你，温柔绵长。,317803115,https://music.163.com/playlist?id=317803115
16695928,2445590,309111,1043,2016-01-19,4573,影视原声 钢琴 欧美 ,59,电影中的钢琴曲｜最会讲故事²,156659312,https://music.163.com/playlist?id=156659312
6355486,85351650,115556,951,2016-11-18,3356,后摇 钢琴 另类/独立 ,198,钢琴后摇 I 初雪点地，窸窣低语,513217941,https://music.163.com/playlist?id=513217941
10979360,50255421,148528,900,2018-09-15,3353,轻音乐 清新 安静 ,68,『纯音乐』当雨滴敲响琴键,2420545066,https://music.163.com/playlist?id=2420545066
9455468,74029445,123575,450,2017-09-27,2140,欧美 摇滚 英伦 ,147,「英伦摇滚」唱片中的昔日时光,934792457,https://music.163.com/playlist?id=934792457
12684305,411402173,226082,771,2019-02-26,2837,华语 古风 浪漫 ,149,「居家古风」如何把生活过成诗,2685449094,https://music.163.com/playlist?id=2685449094
11385125,5793019,333603,1585,2015-02-10,6368,爵士 拉丁 放松 ,25,「论如何优雅地扭动身体」,51425247,https://music.163.com/playlist?id=51425247
29057570,85351650,746345,4122,2016-03-12,13042,电子 古风 民族 ,538,电子·中国风 I 感受角徵宫商的荡气回肠,316223640,https://music.163.com/playlist?id=316223640
4275256,45441555,153304,883,2017-04-07,1521,日语 电子 ACG ,108,水果味汽水｜清甜软萌音捕获你的心,689121986,https://music.163.com/playlist?id=689121986
2985542,45441555,86800,428,2017-07-10,1252,日语 治愈 ACG ,35,少女心ღ｜恋爱是颗苹果糖,805407063,https://music.163.com/playlist?id=805407063
1470069,111089166,18094,140,2020-05-20,593,ACG 轻音乐 伤感 ,178,物哀纯音丨花开于彼岸 魂落于忘川,5026417815,https://music.163.com/playlist?id=5026417815
2289408,45441555,84540,812,2016-09-27,1079,日语 治愈 ACG ,398,软萌合唱｜让可愛治愈这个世界,473445872,https://music.163.com/playlist?id=473445872
3912840,83659385,79121,419,2017-12-05,1535,日语 感动 ACG ,265,東方抒情集：一梦华胥 永眠不散之宴,2003672301,https://music.163.com/playlist?id=2003672301
3508731,129153895,38822,400,2017-05-17,859,小语种 流行 快乐 ,39,狂想.奔放.动感.突然想学西语了！✌️,730705552,https://music.163.com/playlist?id=730705552
5448534,83659385,161349,1105,2017-09-10,2598,轻音乐 钢琴 ACG ,245,東方钢琴祭：幻梦终醒 本无不散之宴,913908853,https://music.163.com/playlist?id=913908853
18015986,739256,305369,1062,2014-04-06,5316,电子 欧美 酒吧 ,299,世界顶级沙发酒吧音乐。,11067348,https://music.163.com/playlist?id=11067348
24319328,74029445,623870,2031,2017-07-11,12094,日语 民谣 夜晚 ,72,「日语民谣」月色中的浅吟低唱,806728741,https://music.163.com/playlist?id=806728741
5474184,341030416,58514,214,2020-04-18,1369,乡村 旅行 驾车 ,325,《美国乡村乐图鉴与简史》,4975456668,https://music.163.com/playlist?id=4975456668
11870083,302227129,138593,430,2017-11-15,2303,民谣 欧美 怀旧 ,100,欧美民谣 I 往昔璀璨如钻 却又锈迹斑斑,997386069,https://music.163.com/playlist?id=997386069
22205588,129377889,490419,1342,2018-02-05,4901,日语 ACG 治愈 ,123,日系温柔女声| 沐浴在歌声中的暖阳下,2088799380,https://music.163.com/playlist?id=2088799380
5673798,75179909,142951,1763,2016-05-28,4482,后摇 孤独 器乐 ,300,300支后摇乐队，300种感性共鸣,390783436,https://music.163.com/playlist?id=390783436
4362538,46665989,69898,271,2015-10-07,2207,爵士 放松 欧美 ,51,「Cool Jazz」冷爵士让你全身心放松,113780871,https://music.163.com/playlist?id=113780871
9648017,44293336,128422,793,2015-01-24,1839,运动 兴奋 电子 ,45,超带感骑行音乐无限循环公路党狂飙,48293091,https://music.163.com/playlist?id=48293091
9218203,122356259,190740,1133,2018-03-03,4187,欧美 酒吧 爵士 ,39,黑胶酒馆|耳畔的浪漫眼中的你,2125737991,https://music.163.com/playlist?id=2125737991
17541546,12383468,334453,2350,2015-06-04,6815,古典 轻音乐 治愈 ,37,【古典音乐】治疗焦虑症的良药,78674080,https://music.163.com/playlist?id=78674080
26256546,2928531,590247,1651,2015-01-30,11540,爵士 欧美 酒吧 ,30,小酒馆的微醺需要腔调和情怀,49242031,https://music.163.com/playlist?id=49242031
80791440,103159696,993635,19375,2016-04-07,53885,轻音乐 夜晚 安静 ,32,深度睡眠 |重度失眠者专用歌单,331841455,https://music.163.com/playlist?id=331841455
46340704,108952364,459900,938,2018-07-12,4952,华语 流行 民谣 ,99,100首华语民谣，因为懂得才有共鸣,2312165875,https://music.163.com/playlist?id=2312165875
1792643,499915181,14879,63,2018-03-16,345,华语 雷鬼 ,85,国人雷鬼 Ι 探索不拘一格的玩性洒脱,2143660964,https://music.163.com/playlist?id=2143660964
6092,8415585269,40,评论,2024-04-07,0,华语 流行 90后 ,100,90后青春回忆杀 | 是过往 是经典 是老歌,9702576219,https://music.163.com/playlist?id=9702576219
1859,2118682115,12,评论,2024-04-23,0,华语 流行 网络歌曲 ,55,华语丨流行歌曲 一人一首成名曲 久听不厌,9882695026,https://music.163.com/playlist?id=9882695026
809,290894929,10,评论,2024-04-05,0,华语 流行 90后 ,168,流行歌曲 | 陪伴90后青春 一人一首成名曲,9680703509,https://music.163.com/playlist?id=9680703509
4748,107742044,32,评论,2024-03-30,0,华语 流行 综艺 ,80,天花板女嗓：单依纯 张碧晨 刘惜君 郁可唯,9596126355,https://music.163.com/playlist?id=9596126355
5152,290894929,36,评论,2024-04-04,0,粤语 流行 怀旧 ,53,一个好听到爆的粤语歌单 一秒沦陷,9675422546,https://music.163.com/playlist?id=9675422546
2438,290894929,9,评论,2024-04-11,0,华语 流行 90后 ,104,青春旋律 | 90/00后校园回忆 华语流行歌曲,9760566375,https://music.163.com/playlist?id=9760566375
2669,107742044,34,评论,2024-05-03,1,华语 流行 综艺 ,96,陈楚生，汪苏泷，王赫野，张碧晨，周深,9976608564,https://music.163.com/playlist?id=9976608564
2711,107742044,30,评论,2024-04-25,0,华语 流行 驾车 ,103,任素汐 毛不易 单依纯 张碧晨 薛之谦 张杰,9905297712,https://music.163.com/playlist?id=9905297712
5257,1752777391,62,3,2024-03-18,0,韩语 流行 兴奋 ,49,kpop女团❣女娃炸裂动感舞曲精选(G)I-DLE,9479272004,https://music.163.com/playlist?id=9479272004
178154,485543957,2874,21,2024-03-26,39,欧美 旅行 放松 ,40,旅途音乐丨想做风 去自由 去追逐 勇敢炽烈,9534315390,https://music.163.com/playlist?id=9534315390
4240,107742044,43,评论,2024-03-22,1,华语 流行 综艺 ,60,神仙综艺：《声生不息》《天赐的声音》,9505665159,https://music.163.com/playlist?id=9505665159
1905,290894929,16,评论,2024-04-15,0,华语 流行 怀旧 ,80,华语 | 火爆华语乐坛 怀念神仙打架的年代,9800647935,https://music.163.com/playlist?id=9800647935
9637,468356020,40,2,2024-04-02,0,韩语 流行 快乐 ,65,Kpop女团｜抓耳旋律唤醒今夏清凉,9642621272,https://music.163.com/playlist?id=9642621272
498022,107742044,2340,4,2024-03-18,11,华语 流行 驾车 ,150,任素汐 张碧晨 毛不易 单依纯 薛之谦,9470426097,https://music.163.com/playlist?id=9470426097
60277,3242104111,284,1,2024-03-25,7,华语 R&B/Soul 浪漫 ,51,总有一首柔情蜜意的R&B，适合用来表白,9525807177,https://music.163.com/playlist?id=9525807177
82784,320124868,740,18,2024-03-06,296,日语 ACG 影视原声 ,104,2024年4月新番音乐合集 四月新番更新中,9385263401,https://music.163.com/playlist?id=9385263401
4589,107742044,46,评论,2024-03-22,1,华语 流行 综艺 ,60,《声生不息》《时光音乐会》《天赐的声音》,9505003915,https://music.163.com/playlist?id=9505003915
73452,380154710,241,20,2024-04-28,15,欧美 流行 放松 ,63,舒缓治愈曲 | 愿你心静如水 愿你心怀暖阳,9934376965,https://music.163.com/playlist?id=9934376965
6176,107742044,43,评论,2024-04-08,0,华语 流行 综艺 ,99,单依纯 张碧晨 刘惜君 郁可唯 张靓颖,9717820963,https://music.163.com/playlist?id=9717820963
2457,537355012,20,评论,2024-05-08,0,华语 怀旧 经典 ,123,华语巅峰神仙打架8090年代金曲,10028817266,https://music.163.com/playlist?id=10028817266
1384,290894929,13,评论,2024-04-05,0,华语 流行 90后 ,168,重回90后青春 听着令人心痛流泪的经典老歌,9678525088,https://music.163.com/playlist?id=9678525088
51944,3242104111,207,4,2024-05-10,3,华语 说唱 ,34,地域说唱 | 乡音的呐喊，根植心底的诉说,10037104709,https://music.163.com/playlist?id=10037104709
36807,1289346856,214,4,2024-04-27,6,欧美 驾车 放松 ,79,欧美旅行｜Vlog 夕阳 海风 自由 浪漫氛围,9918242543,https://music.163.com/playlist?id=9918242543
1419015,107742044,7602,3,2024-01-21,62,华语 流行 综艺 ,88,华语顶级音综：一开嗓神仙沦陷！！！,9179492573,https://music.163.com/playlist?id=9179492573
140576,1778952780,432,4,2024-04-30,6,浪漫 夜晚 治愈 ,30,跨越距离｜我想我们一直在一起,9953567248,https://music.163.com/playlist?id=9953567248
4891,107742044,34,评论,2024-05-03,0,华语 流行 驾车 ,105,任素汐 陈楚生 周深 毛不易 林俊杰 汪苏泷,9976270592,https://music.163.com/playlist?id=9976270592
914,556046321,11,评论,2024-04-28,1,欧美 影视原声 ACG ,152,Carry全场！音燃热血「掌控大局」,9927083300,https://music.163.com/playlist?id=9927083300
7054,107742044,86,评论,2024-04-09,1,华语 流行 综艺 ,60,神仙舞台名场面！天赐的声音live,9734585629,https://music.163.com/playlist?id=9734585629
8591,107742044,34,评论,2024-05-08,0,华语 流行 综艺 ,64,天赐的声音：汪苏泷&张碧晨&陈楚生&姚晓棠,10024899665,https://music.163.com/playlist?id=10024899665
1741,290894929,13,评论,2024-04-12,0,90后 流行 华语 ,200,90后 | 华语经典怀旧老歌 藏在时光里的故事,9760438426,https://music.163.com/playlist?id=9760438426
3518,290894929,29,评论,2024-04-10,0,华语 流行 怀旧 ,120,华语怀旧 | 一句老歌词 勾起你无数回忆,9740726809,https://music.163.com/playlist?id=9740726809
17752,107742044,111,评论,2024-03-20,0,华语 流行 综艺 ,89,华语女声：张碧晨 单依纯 张靓颖 邓紫棋,9490737167,https://music.163.com/playlist?id=9490737167
2350,290894929,22,评论,2024-04-05,0,华语 流行 90后 ,164,重回95后的青春 一人一首成名曲,9681592431,https://music.163.com/playlist?id=9681592431
3900,107742044,48,评论,2024-05-16,0,华语 流行 综艺 ,64,《歌手2024》《天赐的声音》《声生不息》,10059978756,https://music.163.com/playlist?id=10059978756
5378,38377151,36,评论,2024-03-26,3,欧美 电子 驾车 ,98,『车载』拒绝7妹虞姬精神氮泵,9535132245,https://music.163.com/playlist?id=9535132245
62175,1289346856,861,12,2023-03-07,15,清新 放松 治愈 ,81,一个人散步 放空 晒太阳 看书 学习的歌单,8219364625,https://music.163.com/playlist?id=8219364625
1367,38377151,13,评论,2024-03-26,0,欧美 电子 驾车 ,98,运动【硬曲】【战歌起】自律时代,9531115088,https://music.163.com/playlist?id=9531115088
1300,342371680,23,评论,2024-05-01,0,欧美 R&B/Soul 流行 ,45,氛围R&B：Chill 松弛 慵懒 浪漫 高级感,9958350585,https://music.163.com/playlist?id=9958350585
592307,107742044,3538,4,2024-03-03,21,华语 流行 综艺 ,149,张碧晨 周深 汪苏泷 单依纯 张杰 薛之谦 林俊杰 李荣浩,9375834473,https://music.163.com/playlist?id=9375834473
98757,107742044,353,评论,2024-03-07,1,华语 流行 驾车 ,125,周深 张杰 陈楚生 单依纯 汪苏泷 张碧晨,9390887890,https://music.163.com/playlist?id=9390887890
9986,107742044,88,评论,2024-04-10,0,华语 流行 综艺 ,80,我是歌手+天赐的声音：一人一首成名曲,9748133816,https://music.163.com/playlist?id=9748133816
185000,2071162991,381,6,2024-03-04,3,华语 流行 清晨 ,96,春日序曲丨三月入侵 治愈一切不开心,9377331980,https://music.163.com/playlist?id=9377331980
1199,380154710,20,评论,2024-05-04,4,流行 轻音乐 伤感 ,97,宿命感纯音乐| 时代撕裂我破碎的心,9987382027,https://music.163.com/playlist?id=9987382027
38882,312585551,235,评论,2024-04-07,0,华语 流行 90后 ,179,90后经典老歌 | MP3里的一人一首成名曲,9710946894,https://music.163.com/playlist?id=9710946894
1745,115793593,22,评论,2024-04-30,0,欧美 电子 驾车 ,141,『车载』拒绝7妹虞姬精神氮泵,9947110398,https://music.163.com/playlist?id=9947110398
7210,5088441805,47,评论,2024-05-19,0,欧美 R&B/Soul 浪漫 ,118,欧美 R&B｜浪漫包围蔚蓝星球,10072593809,https://music.163.com/playlist?id=10072593809
72461,2071162991,152,评论,2024-04-22,2,华语 流行 浪漫 ,151,耳机给你 | 和我逃出这雨季,9867347110,https://music.163.com/playlist?id=9867347110
13875,38377151,101,1,2024-03-18,0,欧美 电子 驾车 ,209,低沉鼓点，极致低音享受 「车载」,9479783320,https://music.163.com/playlist?id=9479783320
25131,107742044,270,2,2024-04-03,2,华语 流行 感动 ,112,汪苏泷&单依纯&陈楚生&周深&毛不易,9665983926,https://music.163.com/playlist?id=9665983926
54951,107742044,267,3,2024-03-18,0,华语 流行 综艺 ,98,神仙嗓音天花板：单依纯 徐佳莹 郁可唯周深,9471473728,https://music.163.com/playlist?id=9471473728
140001,107742044,709,4,2024-03-04,0,华语 流行 综艺 ,82,华语顶级女歌手：单依纯 张碧晨 邓紫棋,9377055975,https://music.163.com/playlist?id=9377055975
6962,290894929,85,评论,2024-04-05,0,华语 流行 怀旧 ,200,一人一首成名曲 | 陪伴8090后青葱岁月,9688111518,https://music.163.com/playlist?id=9688111518
1993,38377151,15,2,2024-03-26,1,欧美 电子 驾车 ,184,低沉鼓点，极致低音享受 「车载」,9533245930,https://music.163.com/playlist?id=9533245930
126225,2071162991,357,6,2024-04-08,6,华语 流行 工作 ,113,【上班摸鱼指南】可是旷妈，人是野生的,9711978502,https://music.163.com/playlist?id=9711978502
6454,541959300,56,评论,2024-02-07,0,华语 R&B/Soul 散步 ,59,R&B仙品｜浪漫慵懒·相遇不只是场梦,9267897887,https://music.163.com/playlist?id=9267897887
128123,107742044,498,评论,2024-03-19,2,华语 流行 综艺 ,107,陈楚生 | 单依纯 | 张碧晨 | 汪苏泷 | 周深,9483678311,https://music.163.com/playlist?id=9483678311
10813,494262975,180,3,2024-04-25,18,华语 说唱 ,26,MC HotDog热狗｜装艺术家演唱会歌单,9904678297,https://music.163.com/playlist?id=9904678297
243405,312585551,947,评论,2024-04-04,3,华语 流行 90后 ,183,经典老歌 | 90后带上耳机MP3里的回忆,9671964220,https://music.163.com/playlist?id=9671964220
31022,1468753117,109,3,2024-02-18,1,轻音乐 放松 旅行 ,79,氛围感BGM｜前奏响起即沦陷！,9314516958,https://music.163.com/playlist?id=9314516958
2728,342371680,32,评论,2024-03-20,0,欧美 流行 清新 ,77,欧美小清新 | 温柔治愈的英文清新小调,9487740386,https://music.163.com/playlist?id=9487740386
166436,107742044,748,2,2024-04-13,6,华语 流行 综艺 ,100,神仙舞台：一开嗓就惊艳所有人！,9777794832,https://music.163.com/playlist?id=9777794832
63137,290894929,112,评论,2024-03-02,2,治愈 流行 华语 ,81,路过人间 | 每段并肩，都不过是擦肩。,9371369046,https://music.163.com/playlist?id=9371369046
1674,1475052225,11,评论,2024-03-26,0,欧美 电子 驾车 ,98,运动【硬曲】【战歌起】自律时代,9535289565,https://music.163.com/playlist?id=9535289565
7373,342371680,84,评论,2024-03-12,0,欧美 流行 治愈 ,77,欧美小调 | 春日微醺 阳光正好 微风不燥°,9414853495,https://music.163.com/playlist?id=9414853495
2241,633178224,10,评论,2024-03-25,0,华语 流行 网络歌曲 ,47,唤醒清晨｜阳光每天都在，对的人总会遇见。,9527552290,https://music.163.com/playlist?id=9527552290
154831,1430992951,347,4,2024-05-06,4,伤感 思念 华语 ,30,命运之诗｜爱与被爱同时发生 爱才有意义,9998559934,https://music.163.com/playlist?id=9998559934
142601,107742044,1612,评论,2024-05-01,3,华语 流行 综艺 ,195,天赐的声音第五季全收录！,9961213264,https://music.163.com/playlist?id=9961213264
139589,1872710435,2703,4,2024-03-24,70,运动 欧美 ,46,英语｜脂肪燃烧健身必听的动感旋律歌单,9520291167,https://music.163.com/playlist?id=9520291167
5551,633178224,32,评论,2024-03-28,4,华语 流行 网络歌曲 ,42,四月人间｜每个春天尽是温柔,9564761630,https://music.163.com/playlist?id=9564761630
73670,249628889,416,2,2024-03-03,4,华语 流行 R&B/Soul ,60,柔情R&B：沉醉微醺韵律撩拨心弦,9377284526,https://music.163.com/playlist?id=9377284526
4341,380154710,18,评论,2024-04-22,2,韩语 R&B/Soul 浪漫 ,60,韩式溫柔R&B：夏天的美好是風用了心,9874352478,https://music.163.com/playlist?id=9874352478
64145,290894929,253,评论,2024-03-04,0,华语 流行 90后 ,74,周杰伦免费听 | 青春 一个人悄无声息的回忆,9377250181,https://music.163.com/playlist?id=9377250181
33485,342371680,138,11,2024-03-11,4,华语 流行 伤感 ,42,纯 愛 胖 猫 ：你舍不得吃的麦当劳布满了桥,9414688397,https://music.163.com/playlist?id=9414688397
6164,468356020,33,评论,2024-04-16,1,韩语 流行 快乐 ,41,通勤必备｜上下班途中自救手册,9803098858,https://music.163.com/playlist?id=9803098858
90483,290894929,287,2,2024-03-03,2,华语 流行 怀旧 ,74,周杰伦歌曲 | 回忆青春 致敬我们曾经的岁月,9373688077,https://music.163.com/playlist?id=9373688077
51772,1426317247,167,5,2024-03-11,2,小语种 轻音乐 放松 ,79,浄化轻音｜让身心感受自然的宁静,9412481508,https://music.163.com/playlist?id=9412481508
262305,380154710,1001,5,2024-03-03,24,华语 流行 90后 ,71,90后青春回忆杀：周杰伦歌曲Jay经典,9375637418,https://music.163.com/playlist?id=9375637418
805642,1,18994,531,2024-04-02,313,韩语 流行 ,50,JYP娱乐热单精选｜一键开启活力夏日,9639400068,https://music.163.com/playlist?id=9639400068
548573,312585551,5267,58,2024-03-05,52,电子 性感 驾车 ,117,首车载DJ | 一键狂嗨不犯困,9381396421,https://music.163.com/playlist?id=9381396421
765003,312585551,7783,69,2024-03-05,60,电子 驾车 性感 ,117,车载Dj丨极致低音的震撼体验,9382673612,https://music.163.com/playlist?id=9382673612
72881,1306067336,1134,7,2024-04-11,5,00后 ,34,那些火出圈的二次元神曲,9749056150,https://music.163.com/playlist?id=9749056150
199771,2071162991,301,1,2024-03-25,3,华语 流行 说唱 ,87,声临其境 | 漫天星野遨游指南,9523805470,https://music.163.com/playlist?id=9523805470
1541602,312585551,16270,133,2024-03-05,137,电子 驾车 性感 ,117,车载DJ丨提神醒脑，困意全无,9382737289,https://music.163.com/playlist?id=9382737289
5408,342371680,72,1,2024-04-08,2,欧美 R&B/Soul 浪漫 ,66,甜蜜向R&B：i人浪漫捕诱器 R&B拯救世界~,9712300936,https://music.163.com/playlist?id=9712300936
206101,107742044,5607,11,2024-05-13,16,欧美 流行 学习 ,53,A妹，断眉，亚当，霉霉，比伯，阿黛尔,10048780855,https://music.163.com/playlist?id=10048780855
79865,380154710,117,1,2024-03-26,16,流行 放松 R&B/Soul ,62,享受当下：要像风一样自由洒脱,9534592121,https://music.163.com/playlist?id=9534592121
82646,342371680,542,19,2024-03-30,5,欧美 流行 R&B/Soul ,72,青柠味R&B：清新鼓点 带点阳光少年感浪漫,9598268430,https://music.163.com/playlist?id=9598268430
63670,342371680,346,1,2024-03-07,4,欧美 R&B/Soul 流行 ,66,少女向R&B：可爱且快乐鼓点 R&B拯救世界~,9388796032,https://music.163.com/playlist?id=9388796032
2510,290894929,21,2,2024-05-06,1,经典 流行 韩语 ,83,韩流教科书！一秒沦陷的神仙前奏 回忆杀,9999377340,https://music.163.com/playlist?id=9999377340
74141,468356020,131,4,2024-04-08,2,韩语 流行 快乐 ,50,高级感拉满｜ENTP星人定制韩衣间,9717307512,https://music.163.com/playlist?id=9717307512
